iso3,country,operator,plan_name,speed_down_mbps,speed_up_mbps,price_usd_month,source_url,notes
AFG,Afghanistan,Afghan Telecom (Salaam),FTTX/FTTH 200 Mbps,200,100,30.30,https://www.afghantelecom.af/en/service-list/internet/fttx,State operator with FTTH/FTTX product; AFN 2000/mo indicative; FX official 66 AFN/USD (Sep-2026) - free-market runs higher
AFG,Afghanistan,Afghan Wireless Communication Company (AWCC),Home Internet 100 Mbps,100,50,22.73,knowledge,FTTx / fixed-wireless home broadband in Kabul and Mazar; AFN 1500/mo indicative - highest published residential tier; FX official 66 AFN/USD
AFG,Afghanistan,Etisalat Afghanistan,FTTH Home 200,200,100,34.85,knowledge,Kabul FTTH offering; AFN 2300/mo indicative; FX official 66 AFN/USD (Sep-2026)
AGO,Angola,Africell Angola,Konekta 5G200,200,,,https://www.africell.ao/konekta/plans/Konekta-5G/,"Fixed5G (FWA) packs 'Konekta5G' advertise25 Mbps to200 Mbps with7- or30-day validity (USSD *123*5#, Afrimoney); package prices are not printed on the reachable page - blank; FX AOA929.13=1USD (22-Sep-2026)"
AGO,Angola,Unitel,,,,,https://unitel.ao/wp-content/uploads/share_upload/2025/12/Novos-Planos-UNITEL_2.pdf,"Angola's dominant operator; plan catalogues are published only as PDFs (mobile 'Net' monthly tier10,000 Kz =12-13 GB) and fixed/fibre tiers were not machine-readable in this pass - blank; FX AOA929.13=1USD"
ALB,Albania,ALBtelecom,ALBtelecom Fiber 300,300,300,24.20,https://www.albtelecom.al,Local ALL 2000 approx knowledge; nearest-200 tier; FX ALL=0.0121 (95 per EUR)
ALB,Albania,ONE Albania,ONE Fiber 200,200,200,21.78,https://one.al,Local ALL 1800 approx knowledge; ONE runs end-to-end FTTH in 55 of 61 municipalities; FX ALL=0.0121
ALB,Albania,Abissnet,Abissnet Fiber 200,200,200,18.15,https://www.abissnet.net,Local ALL 1500 approx knowledge; Tirana FTTH ISP; FX ALL=0.0121
AND,Andorra,Andorra Telecom,Fibra 500,500,500,47.15,https://www.andorratelecom.ad,Local EUR 41.00 incl IGI; official 2026 tiers 500/1000/2000 so 500 is nearest to 200 (older 300 tier retired); FX EUR=1.15
AND,Andorra,Movistar España,Fibra 300 nearest market,300,300,34.50,https://www.movistar.es,Micro-state: Andorra Telecom holds the fixed monopoly - nearest-market Spanish operator; local EUR 30.00 standard; FX EUR=1.15
AND,Andorra,Orange France,Fibre 500 nearest market,500,500,50.59,https://www.orange.fr,Micro-state nearest-market French operator; local EUR 43.99; FX EUR=1.15
ARE,United Arab Emirates,e& (Etisalat),Etisalat Fibre 200Mbps,200,200,81.42,https://giraffy.com/uae/en/internet/fiber-internet,AED 299/mo incl 5% VAT; FX 3.6725 AED/USD; router incl.; parity with du at the 200 Mbps tier
ARE,United Arab Emirates,du,Du Fibre 200Mbps,200,200,81.42,https://giraffy.com/uae/en/internet/fiber-internet,"AED 299/mo; 20%-off-first-3-months online promo not applied; FX 3.6725 AED/USD; free router; only 2 FTTH operators in UAE - regulated duopoly (e& and du are the only FTTH licensees), no third retail fiber ISP found"
ARG,Argentina,Fibertel,Fibertel 300,300,300,15.45,knowledge,ARS 23400/mes; tasa oficial ARS 1514.91/USD; FTTH simetrica
ARG,Argentina,Claro,Claro Fibra 300,300,300,17.76,knowledge,ARS 26900/mes; tasa oficial ARS 1514.91/USD
ARG,Argentina,Telecentro,Telecentro Fibra 300,300,300,13.14,knowledge,ARS 19900/mes; ISP metropolitano CABA/GBA; Personal y Fibertel son mismo grupo (Telecom) por eso se usa Telecentro como tercera
ARM,Armenia,Ucom,Unity home internet,100,50,16.48,knowledge,Home internet component of the Unity 8000 bundle approx AMD 6000/mo (bundles 8000/10900/12500/16000/20000); FX 364 AMD/USD (Aug-2026)
ARM,Armenia,Telecom Armenia (Beeline / Team),Beeline home internet FTTB,100,50,13.74,knowledge,Approx AMD 5000/mo indicative; FTTB triple-play; FX 364 AMD/USD
ARM,Armenia,Viva Armenia,Viva FTTB 100,100,50,15.11,knowledge,Approx AMD 5500/mo indicative; FTTB triple-play; FX 364 AMD/USD
ATG,Antigua and Barbuda,Flow,Flow Fibra 200,200,,48,knowledge,Price approx - VERIFY; upload not published
ATG,Antigua and Barbuda,Digicel,Digicel Home 200,200,,42,knowledge,Price approx - VERIFY; upload not published; APUA is utilities only - no third fixed operator confirmed
AUS,Australia,Telstra,Premium nbn (NBN250),250,48,70.50,https://nbntracker.au/providers/telstra,A$99/mo standard price (A$49.50 first 2 months); NBN250 is the tier nearest 200 Mbps; speeds are typical evening; FX AUD 1.404334 (Sep-22-2026)
AUS,Australia,Optus,Optus Plus Everyday Fast (NBN100),100,20,70.50,https://www.comparebroadband.com.au/internet-providers/optus-broadband/,"A$99/mo standard (A$84 for 12 months); Optus sells NBN25/50/100/500/1000 with no 250 tier, so NBN100 is nearest 200; nominal 100/20; FX AUD 1.404334"
AUS,Australia,TPG,NBN100,98,17,67.64,https://nbntracker.au/providers/tpg,"A$94.99/mo standard (A$74.99 first 6 months); TPG tiers 25/50/100/500/750/1000 - no 250, NBN100 nearest 200; typical evening 98/17; FX AUD 1.404334"
AUT,Austria,A1,A1 Internet 250,250,25,45.89,https://www.a1.net,Local EUR 39.90/mo; A1 tiers 50/100/250/500 so 250 nearest to 200; FX EUR=1.15
AUT,Austria,Magenta,Internet L,250,25,46.00,https://www.magenta.at,Local EUR 40.00/mo; Magenta tiers S50/M100/L250/XL500; FX EUR=1.15
AUT,Austria,Drei (Hutchison Drei),HomeNet L,200,30,36.80,https://www.drei.at,Local EUR 32.00/mo; exact 200/30 tier - Drei mixes fiber and 5G FWA; FX EUR=1.15
AZE,Azerbaijan,Aztelekom,250 Mbit/s internet,250,250,21.18,https://aztelekom.az/en/menu/154-tarifler,AZN 36/mo - published ladder 100 = 25 / 150 = 30 / 250 = 36 / 500 = 40 / 1000 = 49; 150 and 250 tie as nearest to 200 so the higher tier recorded; nationwide 'Online Azerbaijan' GPON; FX 1.70 AZN/USD
AZE,Azerbaijan,Azeronline (Azercell group),Fiber 200,200,100,17.65,knowledge,Internet provider founded by Azercell Telecom in 1999 offering fibre-optic/wireless/dedicated lines; approx AZN 30/mo indicative; FX 1.70 AZN/USD
AZE,Azerbaijan,Bakcell,Home fiber 200,200,100,14.71,knowledge,Fixed/fiber arm listed in the brief; no consumer FTTH tariff published online - approx AZN 25/mo indicative; FX 1.70 AZN/USD
BDI,Burundi,ONATEL,,,,,knowledge,Incumbent;250km MAN fibre ring Bujumbura + ADSL2+; top published ADSL tier16/1Mbps (2018 tariff); consumer FTTH tiers not published
BDI,Burundi,Lumitel,,,,,knowledge,"Viettel Burundi;700km metro fibre in Bujumbura,5000km national commitment; residential FTTH packages not published"
BEL,Belgium,Proximus,Internet Go Fiber,150,30,74.74,https://www.proximus.be,Local EUR 64.99 list (promo EUR 44.99 first 12 months); FTTH tiers 100/150/500/2000 so 150 nearest; FX EUR=1.15
BEL,Belgium,Telenet,Easy Internet,200,20,64.40,https://www.telenet.be,Local EUR 56.00/mo; HFC coax with fiber to the street - not FTTH; FX EUR=1.15
BEL,Belgium,BASE,Unlimited Internet,200,20,46.00,https://www.base.be,Local EUR 40.00 standalone (EUR 36 in combo); runs on Telenet HFC network; FX EUR=1.15
BEN,Benin,Canalbox Benin,Fibre 100,100,,69.95,https://cafti-group.com/internet-domicile-benin-mtn-moov-comparatif-2026,"FTTH ladder (May-2026 comparison): 50 Mbps ~25,000 / 100 Mbps ~40,000 / 300 Mbps ~70,000 FCFA per month; 100 Mbps taken as nearest-under-200 (the 300 Mbps tier would be 122.42 USD); install 30,000-80,000 FCFA, 12-month commitment typical; FX XOF 571.81 = 1 USD (22-Sep-2026)"
BEN,Benin,MTN Benin,Home Box 200 Go,70,,55.96,https://cafti-group.com/internet-domicile-benin-mtn-moov-comparatif-2026,"Not FTTH: MTN sells 4G/5G home boxes - 50 Go ~12,000 FCFA (up to 30 Mbps), 100 Go ~20,000 (up to 50 Mbps), 200 Go ~32,000 (up to 70 Mbps); 70 Mbps is MTN's fastest published home tier so no 100-300 Mbps option exists; router 30,000-50,000 FCFA; other fixed ISP in market is Celtis (ARCEP reporting); FX XOF 571.81 = 1 USD"
BEN,Benin,Moov Africa Benin,Home Box 100 Go,,,31.48,https://cafti-group.com/internet-domicile-benin-mtn-moov-comparatif-2026,"Not FTTH: 4G/5G home boxes - 50 Go ~10,000 / 100 Go ~18,000 / 250 Go ~30,000 FCFA per month (100 Go priced here); Moov does not publish speed tiers (speed is area-dependent) so speed_down/up left blank rather than invented; FX XOF 571.81 = 1 USD"
BFA,Burkina Faso,Orange Burkina Faso,Fibre Elite,200,,52.29,https://www.facebook.com/people/Fibre-Orange-Burkina/61582401368112/,"Exact 200 Mbps tier; ladder 50=14,900 / 75=19,900 / 100=24,900 / 200=29,900 / 300=69,900 FCFA per month (official Orange Fibre Burkina price list, 2026); free box + free installation promo; bundle includes mobile data/voice; FX XOF 571.81 = 1 USD"
BFA,Burkina Faso,Moov Africa Burkina Faso,Fibre 50,50,,78.70,https://vosreponses.com/quels-sont-les-meilleurs-forfaits-internet-en-burkina-faso/,"Moov Fibre published tiers: 20 Mbps ~25,000 FCFA/month and 50 Mbps ~45,000 FCFA/month (both advertised as illimite/unlimited); 50 Mbps is the nearest available tier to 200 Mbps; FX XOF 571.81 = 1 USD"
BFA,Burkina Faso,Bridge Fiber Solutions (BFS),,,,,https://www.bfs.bf/,ARCEP-licensed fibre infrastructure operator/ISP with a filed price catalogue (Catalogue_Prix_BFS_2023-2024); no current consumer tier or price could be verified in this pass - fields left blank rather than invented
BGD,Bangladesh,Link3 Technologies,Extreme Advance,210,100,38.54,https://link3.net/packages,BDT 4625/mo incl. VAT - nearest published tier to 200 Mbps (210); largest retail ISP by active broadband connections; FX 120 BDT/USD
BGD,Bangladesh,Fiber@Home Ltd,,,,,https://fiberathome.net/,Wholesale NTTN GPON infrastructure operator - first and largest private NTTN in Bangladesh - and NOT a retail ISP (own FAQ: enable ISPs/telcos). No consumer tier or retail price exists; partner retail ISPs resell at 100-200 Mbps for BDT 1260-4625/mo
BGD,Bangladesh,Bangladesh Telecommunications Company (BTCL),Sashroyi-170,170,50,14.17,https://www.thedailystar.net/news/btcl-slashes-internet-price-introduces-new-packages-4078371,State operator; BDT 1700/mo incl. VAT (Jan-2026 speed upgrade - old Sulav-50 price now 170 Mbps); shared bandwidth; free ONT at 50 Mbps+; upload indicative; FX 120 BDT/USD
BGR,Bulgaria,Vivacom,Vivacom Fiber 300,300,300,15.00,knowledge,local 24.99 BGN/mo; FX 0.60 USD/BGN; incumbent BTC network
BGR,Bulgaria,A1 Bulgaria,A1 Fiber 300,300,300,16.80,https://en.wikipedia.org/wiki/A1_Bulgaria,local 27.99 BGN/mo; FX 0.60 USD/BGN
BGR,Bulgaria,Yettel Bulgaria,Yettel Fiber 300,300,300,16.20,https://ontology.point-topic.com/profiles/operators/yettel-bulgaria,local 26.99 BGN/mo; FX 0.60 USD/BGN; ex-Telenor sells FTTH and FWA
BHR,Bahrain,Batelco,Ultra Home Standard,200,,58.51,https://gsmplans.com/plan/bahrain/batelco-ultra-home-internet-bahrain/,~BD 22/mo; per GSMplans Bahrain telecom treated as 0% VAT; FX 0.376 BHD/USD (1 BHD = 2.6596 USD); 3-months-free app promo not applied; upload not published
BHR,Bahrain,STC Bahrain,Fiber 250,250,,66.49,https://gsmplans.com/plan/bahrain/stc-bahrain-internet-packages/,~BD 25/mo; nearest tier to 200 (250 closer than 100 at BD 19.15); approx price; FX 0.376; unlimited + bundle minutes
BHR,Bahrain,Zain Bahrain,Fiber Gaming 300,300,,79.79,https://gsmplans.com/plan/bahrain/zain-bahrain-internet-packages/,~BD 30/mo; ties Fiber Gaming 100 (BD 22) on distance from 200 - in-band 300 chosen; approx price; FX 0.376; gaming priority routing
BHS,Bahamas,BTC,BTC Fiber 350,350,,85,https://www.btcbahamas.com/internet-overview,Fiber tiers are 350 and 1000 from $85/mo (BSD pegged 1:1 USD); 350 is nearest to 200; upload not published
BHS,Bahamas,Cable Bahamas,Cable Bahamas 200,200,,55,https://cablebahamas.com/our-services/,Cable/internet/TV/mobile operator (Aliv mobile arm); tier approx - VERIFY; upload not published; Flow not present in Bahamas
BIH,Bosnia and Herzegovina,BH Telecom,netFlat XL,300,60,58.74,https://www.bhtelecom.ba,Local BAM 99.90/mo (netFlat XL 300/60 published); FX BAM=0.588 (1.95583 per EUR; EUR=1.15)
BIH,Bosnia and Herzegovina,Telemach Bosnia and Herzegovina,EON FULL,300,30,44.36,https://telemach.ba,Local BAM 75.45 standard after 6-mo promo (300 Mbps); FX BAM=0.588
BIH,Bosnia and Herzegovina,m:tel Bosnia and Herzegovina,Net 200,200,20,29.34,https://www.mtel.ba,Local BAM 49.90 approx knowledge; nearest 200 tier; FX BAM=0.588
BLR,Belarus,Beltelecom (byfly),byfly Оптика 300,300,300,10.50,https://beltelecom.by/en/private/internet,local 34 BYN/mo; FX 0.31 USD/BYN; state FTTx incumbent
BLR,Belarus,MTS Belarus,MTS Інтэрнэт 300,300,300,9.00,knowledge,local 29 BYN/mo; FX 0.31 USD/BYN; home-internet product - verify FTTx coverage by city
BLR,Belarus,A1 Belarus,A1 Інтэрнэт 300,300,300,9.60,knowledge,local 31 BYN/mo; FX 0.31 USD/BYN; home-internet product - verify FTTx coverage by city
BLZ,Belize,Digi,DigiNet Fiber 200,200,,65,https://livedigi.com/diginet/,Belize Telemedia (ex-SpeedNet) FTTH up to 200Mbps; ~BZD 130/mo ~US$65 @2.0 approx; upload not published - VERIFY
BLZ,Belize,SMART,SMART Home 100,100,,50,https://www.smart-bz.com/,SpeedNet Communications; home broadband fixed-wireless/fiber mix; tier and price approx - VERIFY; upload not published
BOL,Bolivia,Nuevatel,Vivo Fibra 300,300,300,,knowledge,Precio por confirmar; FX BOB 10.106/USD
BOL,Bolivia,Entel,Entel Fibra 300,300,300,,knowledge,Precio por confirmar; FX BOB 10.106/USD
BOL,Bolivia,Tigo,Tigo Fibra 300,300,300,,knowledge,Precio por confirmar; FX BOB 10.106/USD
BRA,Brazil,Vivo,Vivo Fibra 300 Mega,300,300,23.39,https://vivo.com.br/para-voce/produtos-e-servicos/para-casa/internet,R$119.99/mes; FTTH simetrica; FX BRL 5.1311 (2026-09-22)
BRA,Brazil,Claro,Claro Fibra 350 Mega,350,50,19.47,https://www.claro.com.br/internet/banda-larga/fibra-otica,promo R$99.90/mes; tier 350 e o mais proximo de 200; base hibrida HFC com upload 10-20% em varias pracas
BRA,Brazil,TIM,TIM Ultrafibra 300 Mega,300,150,17.52,knowledge,300 Mega R$89.90/mes (comparador 2026); upload ~50% do download
BRB,Barbados,Flow,Flow Fibra 200,200,,45,knowledge,~BBD 90/mo @2.0 approx - VERIFY; upload not published
BRB,Barbados,Digicel,Digicel Plus 200,200,,40,knowledge,Digicel Plus home broadband; price approx - VERIFY; upload not published; Cable & Wireless = Flow so only 2 distinct fixed groups
BRN,Brunei,imagine (TelBru),imagine Fibre 100M,100,100,46.88,knowledge,BND 1.28/USD; B$60/mo (entry band BND50-70 Expat Focus 2026); 100Mbps national baseline since Sep-2023; upload assumed symmetric
BRN,Brunei,DST (Datastream Digital),DST Infinity 100M,100,100,42.97,knowledge,BND 1.28/USD; B$55/mo (entry band BND50-70; DST usually slightly cheaper per user reports)
BRN,Brunei,Progresif,Progresif Fibre 100M,100,100,39.06,knowledge,BND 1.28/USD; B$50/mo (entry band BND50-70; Progresif promotes fibre from B$25)
BTN,Bhutan,Bhutan Telecom (DrukNet),DrukNet Fibre 100,100,50,8.51,knowledge,Nu 1200/mo indicative; FTTH in Thimphu/Phuntsholing/Paro; FX Nu 141/USD (INR peg 1:1.6 at INR 88/USD)
BTN,Bhutan,Tashi InfoComm,Tashi Fiber 100,100,50,10.64,knowledge,Nu 1500/mo indicative; second fixed operator; FX 141 BTN/USD
BTN,Bhutan,SuperNet InfoComm,Home Broadband up to 100 Mbps,100,50,7.09,https://supernetbhutan.com/,Home broadband starts Nu 1000/mo up to 100 Mbps in Thimphu/Paro/Phuentsholing; FX 141 BTN/USD
BWA,Botswana,Botswana Telecom (BTC),,,,,knowledge,Incumbent fixed operator; residential FTTH tier list not captured Sep-2026
BWA,Botswana,Orange Botswana,,,,,knowledge,"Orange BW sells Home Internet (4G/5G, '5G' on orange.co.bw); FTTH tiers/prices not published"
CAF,Central African Rep.,Orange RCA,,,,,knowledge,Orange RCA (Sonatel group) sells mobile plus limited fixed internet in Bangui; no public consumer FTTH tier/price found - blank; FX XOF571.81=1USD
CAF,Central African Rep.,Telecel Centrafrique,,,,,https://www.telecomtrainer.com/list-of-mobile-operators-in-central-african-republic/,"Telecel Globe-owned operator, one of the main players; no published consumer fibre tier - blank; FX XOF571.81=1USD"
CAN,Canada,Bell,Fibe 150,150,150,51,https://www.bell.ca/Bell_Internet/Products/Fibe-Internet-150-FTTH/,FTTH symmetric (FTTN areas asymmetric); lineup 150/500/1G so 150 is nearest 200; C$70 Quebec promo ~US$51 @0.73; Ontario ~C$75+
CAN,Canada,Rogers,Ignite Internet 150,150,15,51,http://www.bell-vs-rogers.com/internet/compare/Rogers-Ignite-Internet-150/,HFC cable 150/15 verified; promo ~C$70/mo ~US$51 @0.73 (regular ~C$100) - price approx - VERIFY
CAN,Canada,Telus,PureFibre 500,500,500,51,https://www.telus.com/deals-and-bundles/internet-500,PureFibre lineup starts at 500 so no 100-300 tier in AB/BC/ON; Quebec OPTIK 250/250 ~C$71 exists - VERIFY; C$70 ~US$51 @0.73
CHE,Switzerland,Swisscom,blue Internet S,100,100,47.88,https://www.swisscom.ch,Local CHF 39.90/mo list; Swisscom tiers 100/1000/10000 so 100 is nearest to 200; FX CHF=1.20
CHE,Switzerland,Sunrise,Up Connect M,200,200,75.00,https://www.sunrise.ch,Local CHF 62.50 standard (promo CHF 51.90); exact 200/200 tier; FX CHF=1.20
CHE,Switzerland,Salt,Home,10000,10000,83.94,https://www.salt.ch,Local CHF 69.95 without Salt mobile (CHF 39.95 with); Salt FTTH is a single 10G tier - nearest available to 200; FX CHF=1.20
CHL,Chile,Movistar,Fibra 600 Megas,600,600,15.62,https://ofertas.movistar.cl/hogar/multioferta-fija-c/?tab=home,CLP 14990/mes 6 meses luego CLP 18990; simetrica; el menor tier de Chile es 600 (no hay 100-300)
CHL,Chile,Claro,Claro Fibra 600 Megas,600,600,16.67,https://www.clarochile.cl/personas/servicios/servicios-hogar/,CLP 15990/mes 12 meses; luego CLP 21900; simetrica
CHL,Chile,WOM,WOM Fibra 600 Megas,600,600,14.58,https://store.wom.cl/hogar/internet-fibra-optica,CLP 13990/mes (flash CLP 11990); luego CLP 21990
CHN,China,China Telecom,纯宽带 300M,300,30,7.04,knowledge,CNY 7.10/USD; 600 CNY/yr mid of 500-700 band = 50 CNY/mo (2026 pure-broadband survey); upload ~30M typical
CHN,China,China Unicom,纯宽带 300M,300,40,5.63,knowledge,CNY 7.10/USD; 420-480 CNY/yr = ~40 CNY/mo (2026); upload ~40M typical
CHN,China,China Mobile,移动光宽带 200M,200,20,4.23,knowledge,CNY 7.10/USD; 360 CNY/yr = 30 CNY/mo (2026); upload ~20M typical
CIV,Côte d'Ivoire,Orange Côte d'Ivoire,,,,,,"Orange CI markets fibre up to 100 Mb/s on its fibre page (a separate Orange CI page claims 'up to 200 Mb/s') plus 4G Home at 15,000 FCFA/month; per-tier fibre price table is JS-rendered and unverified, so fields left blank rather than invented; FX XOF 571.81 = 1 USD (22-Sep-2026)"
CIV,Côte d'Ivoire,Moov Africa Côte d'Ivoire,,,,,,"Moov CI (mafibremoov.ci) advertises fibre 'from 15,000 FCFA/month' and 'up to 1 Gb/s' (FTTR); the per-tier speed/price table is not server-rendered, so tiers left blank rather than invented; FX XOF 571.81 = 1 USD"
CIV,Côte d'Ivoire,MTN Côte d'Ivoire,,,,,,"MTN CI (mtn.ci) advertises mobile, fixed and internet services; no published consumer fibre tier or price found in this pass - left blank rather than fabricated; FX XOF 571.81 = 1 USD"
CMR,Cameroon,Camtel,FiberConnect,50,,,https://www.camtel.cm/,"State operator's FTTH service 'FiberConnect'; official homepage headline reads 'Unlimited Internet up to 50 Mbps' (2026); the lefisk comparison/price article returned HTTP403, so no FCFA price could be verified - left blank rather than invented;50 Mbps is the top advertised speed so no100-300 Mbps tier exists; FX XOF571.81=1USD (22-Sep-2026)"
CMR,Cameroon,MTN Cameroon,,,,,https://mtn.cm/fr/helppersonal/mtn-offers/,MTN Cameroon publishes mobile 'Go Plan' bundles but no consumer FTTH tier/price on a server-rendered page - blank; other ISPs in the market include YooMee and Nexttel (business fibre); FX XOF571.81=1USD
CMR,Cameroon,Orange Cameroon,,,,,https://www.orange.cm/fr/internet.html,"Orange Cameroon markets home internet ('Maison connecte', Data OneShot) over fibre/4G; the offer pages are JS-rendered so no speed tier or FCFA price could be read - blank; FX XOF571.81=1USD"
COD,DR Congo,Airtel DRC,,,,,https://www.airtel.cd/,Airtel DRC sells mobile broadband and business/internet services; no consumer FTTH tier or price is published on reachable pages - blank; other data-level ISPs include Liquid/Raga Net; FX CDF2307.87=1USD (22-Sep-2026)
COD,DR Congo,Vodacom DRC,,,,,https://www.vodacom.cd/fr/particulier/nos-offres/js8/js8-internet,"Vodacom RDC publishes mobile data bundles in 'units' (1000U ~12-14 GB,2000U~32 GB) but no fixed/fibre consumer tier - blank; FX CDF2307.87=1USD"
COD,DR Congo,Orange DRC,,,,,knowledge,Orange RDC operates in Kinshasa and major cities with mobile and fixed services; no consumer FTTH price published on a reachable page - blank; FX CDF2307.87=1USD
COG,Congo (Brazzaville),Congo Telecom,,,,,knowledge,State incumbent selling enterprise/consumer fibre and internet capacity; no public consumer tier or FCFA price found in this pass - blank; FX XOF571.81=1USD
COG,Congo (Brazzaville),MTN Congo,,,,,https://mtn.cg/particuliers/offres-mobiles/internet-en-fin-de-forfait-internet/,"MTN Congo's public pages list mobile bundles only (daily/weekly), no FTTH tier or price - blank; a2026 local guide compares MTN vs Airtel on data, coverage and5G; FX XOF571.81=1USD"
COG,Congo (Brazzaville),Airtel Congo,,,,,https://blog.iambeezy.app/fr/forfaits-internet-mtn-airtel-congo-2026-comparatif-plans/,Airtel Congo publishes mobile bundles only; no FTTH consumer tier found - blank; FX XOF571.81=1USD
COL,Colombia,Claro,Claro Fibra 300,300,300,22.03,knowledge,COP 69900/mes
COL,Colombia,Movistar,Movistar Fibra 300,300,300,23.60,knowledge,COP 74900/mes; fibra simetrica
COL,Colombia,Tigo,Tigo Fibra 300,300,300,20.45,knowledge,COP 64900/mes
COM,Comoros,Comores Telecom,,,,,https://en.wikipedia.org/wiki/Telecommunications_in_the_Comoros,No consumer FTTH - Comoros fixed/mobile via Comores Telecom (wireless/CDMA);1 ISP historically; Qatar-funded inter-island wireless project; blank over fabrication
CPV,Cabo Verde,Unitel T+,Home+ NET100,100,50,67.61,https://www.uniteltmais.cv/private/home/home-plus-bundles,"Unitel T+ converged Home+ bundles (2026): NET up to100/50 Mbps (DL/UL) +80 TV channels + voice for6,499 CVE/month ($67.61); other tiers NET up to40/20 Mbps at4,999-6,499 CVE.100 Mbps is the top published residential speed, hence nearest to200. FX CVE96.12 =1 USD (22-Sep-2026)"
CPV,Cabo Verde,CVMovel,,,,,https://www.caboverdeexpert.com/cape-verde-communication-and-internet/,Described as a national mobile/fixed provider (only a bundle example found: 6 GB ~10 EUR/month); fixed tier and speed not published - blank
CRI,Costa Rica,Kolbi,Kolbi Fibra 200,200,200,35,https://www.kolbi.cr/wps/portal/kolbi/hogares/servicios-kolbi-hogar/internet/,"ICE/Kolbi state operator, fiber to 1Gbps; 200 tier ~CRC 19,000 ~US$35 approx - VERIFY"
CRI,Costa Rica,Liberty,Liberty Fibra 200,200,200,40,https://libertycr.com/web/hogar/planes-fibra-optica,Ex-Cable Mas (Liberty LatAm) FTTH; price approx - VERIFY
CRI,Costa Rica,Telecable,Telecable 200,200,,38,https://www.pressreader.com/costa-rica/el-financiero-costa-rica/20260509/281483578005370,Top-4 fixed ISP (Kolbi/Liberty/Telecable/Tigo = 83% of market) per Sutel 2026; tier/price approx - VERIFY; upload not published
CUB,Cuba,ETECSA,Nauta Hogar top tier,60,60,15,knowledge,"Sole licensed ISP (state monopoly); no 200Mbps tier exists; CUP priced, ~US$15 at street rate - VERIFY speed/price"
CYP,Cyprus,CYTA,Fibre 200,200,100,34.68,knowledge,EUR 29.90/mo indicative; FX 1.16 USD/EUR (Sep-2026)
CYP,Cyprus,PrimeTel,Fibre 200,200,100,31.20,knowledge,EUR 26.90/mo indicative; FX 1.16 USD/EUR
CYP,Cyprus,Cablenet,Fibre 200,200,100,27.72,knowledge,EUR 23.90/mo indicative; FX 1.16 USD/EUR
CZE,Czechia,O2 Czech Republic,Internet Optický 250,250,100,23.60,knowledge,local 549 CZK/mo; FX 0.043 USD/CZK; 250 is nearest to 200
CZE,Czechia,T-Mobile Czech Republic,Internet optický 300,300,100,24.50,knowledge,local 569 CZK/mo; FX 0.043 USD/CZK
CZE,Czechia,Vodafone Czech Republic,Internet Optimum 300,300,300,22.70,knowledge,local 529 CZK/mo; FX 0.043 USD/CZK; symmetric profile
DEU,Germany,Deutsche Telekom,MagentaZuhause 250 Glasfaser,250,50,51.69,https://www.telekom.de,Local EUR 44.95/mo list; FX EUR=1.15; nearest published FTTH tier to 200 is 250/50
DEU,Germany,Vodafone Deutschland,GigaZuhause 150 Glasfaser,150,75,51.74,https://www.vodafone.de,Local EUR 44.99 list; FX EUR=1.15; FTTH ladder 150/300/600/1000 since Oct-2025 so 150 is nearest to 200
DEU,Germany,1&1 Telekom,1&1 Glasfaser 250,250,50,45.99,https://www.1und1.de,Local EUR 39.99/mo; FX EUR=1.15; 1&1 leases Deutsche Telekom FTTH
DJI,Djibouti,Djibouti Telecom,,,,,knowledge,Full-service incumbent offering FTTH in Djibouti City; tariff not verified this pass - blank over fabrication
DJI,Djibouti,afrifiber (AfriFiber),,,,,https://www.afrifiber.com/,"Second Djibouti fiber operator: national licence (iibGroup) to build/operate fiber-optic network, consumer + business service launched May-2023; sells symmetric/asymmetric/dedicated plans; tariff table rendered in JS - not captured this pass; blank over fabrication"
DMA,Dominica,Flow,Flow Fibra 200,200,,44,knowledge,Price approx - VERIFY; upload not published
DMA,Dominica,Digicel,Digicel Home 200,200,,38,knowledge,Price approx - VERIFY; upload not published; no third fixed operator found
DNK,Denmark,YouSee (TDC),YouSee Fiberbredbånd 100,100,100,46.60,https://billig-fiber.dk/internetudbydere,local 299 DKK/mo; FX 0.156 USD/DKK; tiers 100/500/1000 so 100 picked
DNK,Denmark,Norlys,Norlys Fiber 100,100,100,43.50,https://billig-fiber.dk/internetudbydere,local 279 DKK/mo; FX 0.156 USD/DKK
DNK,Denmark,Telenor Denmark,Telenor Fiberbredbånd 100,100,100,45.10,https://billig-fiber.dk/internetudbydere,local 289 DKK/mo; FX 0.156 USD/DKK
DOM,Dominican Republic,Altice,Fibra Altice 200,200,,12,knowledge,HFC/fiber; ~DOP 700/mo @60 approx - VERIFY; upload not published
DOM,Dominican Republic,Claro,Claro Fibra 200,200,200,12,knowledge,FTTH symmetric; ~DOP 700 @60 approx - VERIFY
DOM,Dominican Republic,Wind Telecom,Wind Fibra 200,200,,12,knowledge,Local fiber ISP; price approx - VERIFY; upload not published
DZA,Algeria,Algérie Télécom,Idoom Fibre 200,200,200,59.72,https://zoomalgerie.com/fibre-optique-algerie-idoom-prix-offres-eligibilite/,"DZD 7,990/mo (2026 lineup: 20=2,990 / 50=3,990 / 100=5,990 / 200=7,990; 1G & 1.5G on quote, XGS-PON); symmetric FTTH; VAT treatment not confirmed; FX 133.80 DZD/USD (exchangerate-api 22-Sep-2026); SOLE residential FTTH operator in Algeria (May-2026) - Djezzy/Mobilis/Ooredoo home products are FWA/4G only, not padded"
ECU,Ecuador,CNT,Fibra CNT 300,300,300,,knowledge,Precio por confirmar; dolarizado
ECU,Ecuador,Movistar,Movistar Fibra 300,300,300,,knowledge,Precio por confirmar; dolarizado
ECU,Ecuador,Xtrim,Xtrim Fibra 300,300,300,,knowledge,Precio por confirmar; dolarizado
EGY,Egypt,Telecom Egypt (WE),WE Space Max,200,,47.47,https://flatswipe.app/en/guides-egypt/egypt-home-internet,"EGP 2,350/mo official list Jul-2026 for 1,500 GB quota (quota not speed-unlimited); FX 49.5 EGP/USD; +16% mobile / 12.28% fixed top-up tax on recharges; verified Sep-2026: WE/TE Data is Egypt's only operator retailing FTTH at scale - Orange Egypt retail = DSL, Vodafone Egypt retail = DSL/FWA with limited FTTH rollout in Cairo & Alexandria (Point Topic network profile) but no public consumer FTTH tariff found - not padded; no unlimited in Egypt"
ERI,Eritrea,EriTel,,,,,knowledge,Sole licensed operator (mobile+fixed monopoly); no consumer FTTH tiers published
ESP,Spain,Movistar,Fibra 300,300,300,34.50,https://www.movistar.es,Local EUR 30.00 standard (promo EUR 19.99); symmetric FTTH; FX EUR=1.15
ESP,Spain,Orange España,Fibra 300,300,300,34.50,https://www.orange.es,Local EUR 30.00 standard base (first-year discount to ~EUR 20); symmetric FTTH; FX EUR=1.15
ESP,Spain,Vodafone España,Fibra 600,600,600,40.25,https://www.vodafone.es,Local EUR 35.00 approx knowledge; Vodafone ES base fiber tier is 600 (no 300) - nearest to 200; FX EUR=1.15
EST,Estonia,Telia Eesti,Koduinternet 300,300,300,23.30,https://www.telia.ee/en/era/internet/koduinternet/,local 19.90 EUR/mo; FX 1.17 USD/EUR
EST,Estonia,Elisa Eesti,Koduinternet 300,300,300,22.10,https://www.elisa.ee/et/eraklient/internet/kodus/koduinternet-ja-tv-paketid,local 18.90 EUR/mo; FX 1.17 USD/EUR
EST,Estonia,STV,STV Koduinternet 300,300,50,17.40,knowledge,local 14.90 EUR/mo; FX 1.17 USD/EUR; cable and fibre operator
ETH,Ethiopia,Ethio Telecom,Fixed WiFi/Broadband 200Mbps tier,200,,38,https://planspapa.com/offer/ethio-telecom-wifi-packages/,"ETB50,000/mo for200Mbps access; FX130 ETB/USD Sep-2026; up speed not published; ladder runs2Mbps to1024Mbps"
ETH,Ethiopia,Safaricom Ethiopia,,,,,knowledge,4G/LTE home internet ('4G Wi-Fi' on safaricom.et); no FTTH consumer tiers published
FIN,Finland,Elisa,Elisa Valokuitu 300,300,300,38.50,knowledge,local 32.90 EUR/mo; FX 1.17 USD/EUR
FIN,Finland,DNA,DNA Valokuitu 300,300,300,34.90,knowledge,local 29.90 EUR/mo; FX 1.17 USD/EUR
FIN,Finland,Telia Finland,Telia Valokuitu 300,300,300,43.20,knowledge,local 36.90 EUR/mo; FX 1.17 USD/EUR
FJI,Fiji,Telecom Fiji,Experience 139 (home broadband / FTTH),,,64.32,https://telecom.com.fj/,"Fiji's only retail ultra-fast FTTH; plans are sold by data allowance (Experience 139 = 800GB, FJD143.46/mo) with no published speed tier - speeds left blank rather than invented; FX FJD 2.230559"
FJI,Fiji,Vodafone Fiji,Prepaid 5G Broadband $50 (30 days),,,22.42,https://www.vodafone.com.fj/personal/price-plans/broadband/5g-broadband-plans,5G/4G fixed-wireless home broadband (not fibre); FJD50/30 days = 650GB any-use total; no published speed tiers - blank; FX FJD 2.230559
FJI,Fiji,Digicel Fiji,Prime Data 30 Days (FJD35 / 220GB),,,15.69,https://www.digicelpacific.com/mobile/fj/bundles,"Digicel fixed/home internet is sold as 4G/5G data bundles (no fibre product, no speed tiers) - speeds blank; FX FJD 2.230559"
FRA,France,Orange,Fibre 500,500,500,50.59,https://www.orange.fr,Local EUR 43.99/mo; FX EUR=1.15; no ~200 tier - FR FTTH opens at 500/500
FRA,France,SFR,Fibre 500,500,500,40.24,https://www.sfr.fr,Local EUR 34.99/mo standard after promo months; FX EUR=1.15; no ~200 tier
FRA,France,Free,Freebox Pop Fibre 500,500,500,34.49,https://www.free.fr,Local EUR 29.99/mo; FX EUR=1.15; no ~200 tier - base tier 500/500
FSM,Micronesia,FSM Telecommunications Corp,iSpeed ADSL / VDSL / Kaboom internet,,,,https://fsmtc.fm/internet,"Sole major ISP (Pohnpei, Chuuk, Yap, Kosrae); services = ADSL, VDSL, prepaid WiFi hotspots, dedicated T1; no published price/speed table on the site - blank"
GAB,Gabon,Moov Africa Gabon (Gabon Telecom),,,,,https://www.moov-africa.ga/,Gabon Telecom/Moov markets home internet and fibre bundles (advice articles reference 'abonnement fibre domicile'); the site returned503 during this pass so no tier or price could be verified - blank; FX XOF571.81=1USD
GAB,Gabon,Airtel Gabon,,,,,https://blog.iambeezy.app/fr/forfaits-mobile-gabon-airtel-moov-libertis-2026/,Airtel Gabon sells LTE home internet; a2026 market comparison references fibre domicile subscriptions but publishes no Airtel fibre tier - blank; FX XOF571.81=1USD
GAB,Gabon,Libertis,,,,,https://blog.iambeezy.app/fr/forfaits-mobile-gabon-airtel-moov-libertis-2026/,Third brand named in a2026 Gabon comparison; current active status and any fixed tiers could not be confirmed - blank rather than invented
GBR,United Kingdom,BT (Openreach),BT Full Fibre 150,150,30,48.20,knowledge,local GBP 35.99/mo; FX 1.34 USD/GBP; FTTP entry tier nearest 200
GBR,United Kingdom,Virgin Media,M250,264,30,46.90,knowledge,local GBP 34.99/mo; FX 1.34 USD/GBP; advertised average on HFC DOCSIS 3.1
GBR,United Kingdom,Sky (Openreach FTTP),Sky Full Fibre 150,150,30,40.20,knowledge,local GBP 30.00/mo; FX 1.34 USD/GBP; resale of Openreach FTTP
GEO,Georgia,MagtiCom,Optical Internet 100 Mbps,100,50,29.63,https://www.magticom.ge/en/internet/internet-tariffs/internet-packages,GEL 80/mo in Tbilisi (promo - list GEL 100); tiers 70 = 40 / 80 = 50 / 100 = 80; top published tier is 100 Mbps - closest available to 200; FX 2.70 GEL/USD
GEO,Georgia,Silknet,SilkOptic 100 Mbps,100,50,25.93,knowledge,Approx GEL 70/mo indicative after the 1-May-2026 optical price rise (speeds also increased); first Georgian operator to deploy fibre-to-the-home (2007); FX 2.70 GEL/USD
GEO,Georgia,Neo Net,Premium optical 100 Mbps,100,50,33.33,https://neonet.ge/ge/home,GEL 90/mo unlimited traffic (25 = 30 / 50 = 40 / 70 = 65 / 100 = 90); top tier 100 Mbps; FX 2.70 GEL/USD
GHA,Ghana,MTN Ghana,Unlimited Fibre 300,300,,38.42,https://asetenapa.com/mtn-fibre-broadband/,"Local price GHS 444/month (2026 tier list: 100 Mbps GHS 299, 300 Mbps GHS 444, 500 Mbps GHS 999 after the 17-Jun-2026 government-brokered cuts; Apr-2026 tracker still showed 100 Mbps at GHS 499); unlimited data, router GHS 450 or GHS 30/mo rental; FX GHS 11.56 = 1 USD"
GHA,Ghana,Telecel Ghana,Broadband 80,80,,47.59,https://www.jbklutse.com/home-internet-prices-ghana/,"Local price GHS 550/month (Apr-2026); only 20/40/80 Mbps tiers published, so 80 Mbps is the nearest available to 200; install GHS 300, router GHS 40/mo; Accra/Kumasi only; FX GHS 11.56 = 1 USD"
GHA,Ghana,Busy Internet,Fibre 200,200,,69.14,https://www.jbklutse.com/home-internet-prices-ghana/,Local price GHS 799/month (Apr-2026); exact 200 Mbps tier; Accra CBD/Airport/Cantonments; unlimited with no published throttling clause (anecdotal 20-30% evening slowdowns); install GHS 450; FX GHS 11.56 = 1 USD
GIN,Guinea,Orange Guinea,Fibre 30,30,,73.90,https://vosreponses.com/quels-sont-les-meilleurs-forfaits-internet-en-guinee/,"Orange Guinea fibre quoted at 650,000 GNF per month for 30 Mbps (market comparison, 2024 data - may be stale); 30 Mbps is the highest tier found, so no 100-300 Mbps option is published; FX GNF 8,795.94 = 1 USD"
GIN,Guinea,MTN Guinea,,,,,https://www.visitconakry.fr/telecoms-internet-et-mobile-money-en-guinee/,MTN Guinea is one of the two dominant operators (with Orange); no consumer FTTH tier published - blank. NOTE: country name field corrected in next write
GMB,Gambia,Gamtel (Gambia Telecom),,,,,knowledge,State incumbent fixed operator (Gamcel mobile arm); ADSL/fixed broadband offered but no current consumer tier price verified - blank; FX GMD 74.42 = 1 USD (22-Sep-2026)
GMB,Gambia,Africell Gambia,,,,,https://www.africell.gm/bundle/data-bundles/,Africell Gambia publishes mobile data bundles (10 GB = D950/60 days); LTE home/fixed broadband exists but no fibre speed tier is published - blank
GMB,Gambia,QCell Gambia,,,,,https://qcell.gm/,QCell Gambia (4G LTE) publishes voice+data bundles; no fibre tier published - blank
GNB,Guinea-Bissau,Orange Guinea-Bissau,,,,,https://www.telecomtrainer.com/list-of-mobile-operators-in-guinea-bissau/,Sonatel-group operator providing mobile (2G/3G/4G) and fixed internet services; no consumer fibre tier or price published - blank
GNB,Guinea-Bissau,MTN Guinea-Bissau,,,,,https://www.telecomtrainer.com/list-of-mobile-operators-in-guinea-bissau/,"MTN GNB (formerly Areeba), ~42% market share; no consumer fibre tier or price published - blank"
GNQ,Equatorial Guinea,GETESA,TRINET5,5,,57.71,https://getesa.gq/fr/,"TRINET5 home/business fixed service:5 Mbps unlimited for33,000 FCFA/CFA per month (published promo page, summer2026); TRINET10 and TRINET15 also listed as unlimited but prices not printed - so only TRINET5 priced here; top tier advertised is15 Mbps, hence no100-300 Mbps option; FX XOF571.81=1USD"
GNQ,Equatorial Guinea,CST,,,,,knowledge,No second fixed/fibre retail operator could be verified for Equatorial Guinea in this pass (GETESA dominates fixed); row retained as a placeholder gap rather than an invented operator - blank
GRC,Greece,COSMOTE (OTE),COSMOTE Fiber 100,100,100,28.64,https://www.cosmote.gr,Local EUR 24.90; tiers include 100 and 500 (300 also cited) - 100 recorded by distance to 200; FX EUR=1.15
GRC,Greece,Vodafone Greece,Fibra 300,300,150,32.09,https://www.vodafone.gr,Local EUR 27.90; asymmetric hybrid DOCSIS/FTTH profile; nearest to 200; FX EUR=1.15
GRC,Greece,Nova,Nova Fiber 200,200,100,32.20,https://www.nova.gr,Local EUR 28.00; exact 200/100 tier; FX EUR=1.15
GRD,Grenada,Flow,Flow Fibra 200,200,,46,knowledge,Price approx - VERIFY; upload not published
GRD,Grenada,Digicel,Digicel Home 200,200,,39,knowledge,Price approx - VERIFY; upload not published; no third fixed operator found
GTM,Guatemala,Tigo,Tigo Fibra 200,200,,19,https://livinginguatemala.com/es/guias/internet-guatemala/,200Mbps fiber from Q149/mo promo ~US$19 @7.7; upload not published - VERIFY
GTM,Guatemala,Claro,Claro Fibra 200,200,200,24,https://www.claro.com.gt/personas/servicios/servicios-hogar/fibra-optica/,FTTH symmetric; within documented Q149-Q899 market range (~Q185 ~US$24) - price approx
GUY,Guyana,GTT,GTT Fibre 300,300,300,,knowledge,Precio por confirmar; FX GYD 209.72/USD
GUY,Guyana,Digicel,Digicel Fibre 300,300,300,,knowledge,Precio por confirmar; FX GYD 209.72/USD
GUY,Guyana,E-Networks,E-Networks Fibre 300,300,300,,knowledge,Tercer ISP mayor segun Wikipedia (no Fibernet); FX GYD 209.72/USD
HND,Honduras,Tigo,Tigo Net 200,200,,28,knowledge,~HNL 690/mo ~US$28 @24.7 approx - VERIFY; upload not published
HND,Honduras,Claro,Claro Fibra 200,200,200,30,knowledge,FTTH; ~HNL 740 ~US$30 @24.7 approx - VERIFY
HND,Honduras,Hondutel,Hondutel 100,100,,25,knowledge,State telco; top-4 fixed ISP per CONATEL Q2 2025; tier/price approx - VERIFY; upload not published
HRV,Croatia,Hrvatski Telekom,MAX optika + Opcija 200 Mbit/s,200,100,40.42,https://www.hrvatskitelekom.hr,Local EUR 35.15 standard without commitment per HT cjenik (EUR 28.12 discounted); option delivers 200/100 on FTTH; FX EUR=1.15
HRV,Croatia,A1 Hrvatska,A1 Net optika 200,200,40,31.05,https://www.a1.hr,Local EUR 27.00 approx knowledge; 200/40 taken from A1 HR published speed list; FX EUR=1.15
HRV,Croatia,Telemach Hrvatska,EON optika 300,300,50,29.79,https://telemach.hr,Local EUR 25.90 approx knowledge; EON fiber tier nearest to 200; FX EUR=1.15
HTI,Haiti,Natcom,Natcom Fibre 100,100,,60,knowledge,State-linked operator; no 200Mbps tier; price approx - VERIFY; upload not published
HTI,Haiti,Haitel,Haitel Fibre 100,100,,55,knowledge,Second fixed operator; tier/price approx - VERIFY; upload not published; Digicel has no confirmed fixed offering - only 2 rows
HUN,Hungary,Magyar Telekom,Giganet 300,300,300,14.80,knowledge,local 5490 HUF/mo; FX 0.0027 USD/HUF
HUN,Hungary,DIGI Hungary,DIGI internet 250,250,250,10.80,knowledge,local 3990 HUF/mo; FX 0.0027 USD/HUF; 250 is nearest to 200
HUN,Hungary,Vodafone Hungary,Vodafone internet 300,300,300,13.50,knowledge,local 4990 HUF/mo; FX 0.0027 USD/HUF; 4iG-owned - consumer brand in transition to One - verify
IDN,Indonesia,IndiHome,IndiHome Fiber 200M,200,50,30.06,knowledge,IDR 16300/USD; Rp490000/mo (Rp350k-540k by region/promo 2026 reseller lists); upload not published - asymmetric approx
IDN,Indonesia,Biznet,Biznet Home Internet 1D 300M,300,300,23.01,knowledge,IDR 16300/USD; Rp375000/mo DKI Jakarta (0D 100M = Rp250000); symmetrical 1:1 FTTH
IDN,Indonesia,MyRepublic,MyRepublic Neo 200M,200,200,14.30,knowledge,IDR 16300/USD; Rp233100/mo incl 11% PPN; Neo base 100M with 200M promo speed; UNLIMITED tanpa FUP
IND,India,Reliance Jio (JioFiber),Jio Fiber 150,150,150,11.35,https://www.citizennest.com/guide/jio-fiber-airtel-broadband,Rs 999/mo unlimited with 14 OTT apps - nearest tier to 200 Mbps is 150 (300 Mbps = Rs 1499); symmetric GPON; +18% GST on top (approx Rs 1179 = $13.40); FX 88 INR/USD
IND,India,Bharti Airtel (Airtel Xstream Fiber),Entertainer Plus 200,200,200,11.35,https://www.airtel.in/plans/broadband/200-mbps-speed,Rs 999/mo + GST published for 200 Mbps unlimited (approx Rs 1179 incl. = $13.40); symmetric; FX 88 INR/USD
IND,India,ACT Fibernet,ACT Blaze,200,200,11.59,https://www.gadgets360.com/broadband-plans/act-chennai,Rs 1020/mo Chennai (Aug-2026) with equal upload & download; Bangalore variant 200 Mbps at Rs 899; GST may apply; FX 88 INR/USD
IRL,Ireland,eir,eir Fibre 150,150,30,44.50,https://en.wikipedia.org/wiki/Telecommunications_in_the_Republic_of_Ireland,local EUR 38.00/mo; FX 1.17 USD/EUR; Open eir FTTH entry tier
IRL,Ireland,Virgin Media Ireland,Virgin Media 250,250,25,46.90,https://en.wikipedia.org/wiki/Telecommunications_in_the_Republic_of_Ireland,local EUR 40.00/mo; FX 1.17 USD/EUR; HFC EuroDOCSIS 3.1
IRL,Ireland,Vodafone Ireland,SIRO Fibre 150,150,30,39.90,https://en.wikipedia.org/wiki/Telecommunications_in_the_Republic_of_Ireland,local EUR 34.00/mo; FX 1.17 USD/EUR; open-access SIRO and Open eir entry tier
IRN,Iran,HiWeb,FTTH 100-300 Mbps tier,200,100,3.11,knowledge,Approx IRT 7000000 (700000 toman)/month; FX basis FREE-MARKET 225000 toman/USD = 2250000 IRR/USD (Sep-2026 Bonbast/alanchand range 220000-230000 toman); Iranian FTTH sold with international+domestic volume quotas
IRN,Iran,Respina,FTTH 200 Mbps,200,100,4.00,knowledge,Approx IRT 9000000 (900000 toman)/month; FX basis FREE-MARKET 225000 toman/USD (Sep-2026); tariffs follow CRA Resolution 266 with domestic traffic billed at half international rate
IRN,Iran,Parsnet,FTTH 200 Mbps,200,100,3.33,knowledge,Approx IRT 7500000 (750000 toman)/month; FX basis FREE-MARKET 225000 toman/USD (Sep-2026); Iranian 1405-year FTTH market ranges roughly 70000-420000 toman/month at Mokhaberat list prices
IRQ,Iraq,EarthLink,Standard,,,34.31,https://stg.earthlink.iq/en/standard-package/,"IQD 45,000/mo (final price set by resellers); Standard is 3rd of 6 home tiers (Economy < Plus < Standard < Turbo < MORE < Business); Mbps not published - tier marketed as double the Economy speed; FX 1,311.51 IQD/USD (exchangerate-api 22-Sep-2026); Ministry ordered +20% FTTH speeds at no extra cost Jun-2026 (iraq-businessnews)"
IRQ,Iraq,iQ Online (iQ Group),FTTH Gold,,,29.74,https://iqonline.com/broadband,"IQD 39,000/mo residential FTTH (Platinum IQD 49,000; Family Friendly 39,000); Mbps not published on site this pass; FX 1,311.51; second real consumer FTTH ISP besides EarthLink - Uruklink is the state ISP (DSL/VSAT, consumer FTTH not confirmed)"
ISL,Iceland,Síminn,Míla VDSL 100,100,30,59.20,https://en.wikipedia.org/wiki/Internet_in_Iceland,local 7490 ISK/mo; FX 0.0079 USD/ISK; FTTH baseline is 1000 so 100 legacy tier is the in-band pick
ISL,Iceland,Sýn (Vodafone Iceland),Sýn Internet 100,100,30,55.30,https://en.wikipedia.org/wiki/Internet_in_Iceland,local 6990 ISK/mo; FX 0.0079 USD/ISK; FTTH baseline 1000 - nearest in-band tier is 100
ISL,Iceland,Nova,Nova Internet 100,100,30,51.40,https://en.wikipedia.org/wiki/Internet_in_Iceland,local 6490 ISK/mo; FX 0.0079 USD/ISK; FTTH baseline 1000 - nearest in-band tier is 100
ISR,Israel,Partner,Partner Fiber 200,200,100,28.29,knowledge,ILS 99/mo indicative (Israeli ISPs market 200-1000 Mbps at ILS 70-140); FX 3.50 ILS/USD
ISR,Israel,Cellcom,Cellcom Fiber 200,200,100,25.43,knowledge,ILS 89/mo indicative; FX 3.50 ILS/USD
ISR,Israel,Bezeq,Bezeq Fiber 200,200,100,34.00,knowledge,ILS 119/mo indicative; incumbent operator / IBC wholesale access; FX 3.50 ILS/USD
ITA,Italy,TIM,Premium Base FTTH,1000,300,29.79,https://www.tim.it,Local EUR 25.90 standard (promo EUR 20.90 until 26/09); no ~200 FTTH tier - TIM FTTH starts at 1G; legacy FTTC up-to-200 remains; FX EUR=1.15
ITA,Italy,WindTre,Super Fibra 2.5G,2500,500,34.49,https://www.windtre.it,Local EUR 29.99 standard (promo EUR 24.99); single FTTH tier up to 2.5G - nearest available to 200; FX EUR=1.15
ITA,Italy,Fastweb,Casa 2.5G,2500,1000,32.14,https://www.fastweb.it,Local EUR 27.95 list; FTTH up to 2.5G single consumer tier; FX EUR=1.15
JAM,Jamaica,Flow,Flow Fibre 200,200,,45,knowledge,"Flow/Digicel duopoly; ~JMD 7,000/mo @156 approx - VERIFY; upload not published"
JAM,Jamaica,Digicel,Digicel Home Fibre 200,200,,40,https://www.digicelgroup.com/jm/en/home-and-entertainment/internet,Fibre home plans; price approx - VERIFY; upload not published; smaller Kingston/Montego Bay fiber ISPs exist - not captured
JOR,Jordan,Orange Jordan,Fiber 200,200,,37.96,https://eshop.orange.jo/en/internet/fiber-offers/fiber-200-mbps,JOD 23.20 + 16% sales tax = JOD 26.91/mo; FX 0.709 JOD/USD; free installation; CORRECTED Sep-2026: Umniah and Zain both sell real FTTH (rows below) - earlier only-1-FTTH note was wrong
JOR,Jordan,Umniah,Fiber 200,200,,32.86,https://eshop.umniah.com/en/plans/internet/fiber.html,"JOD 20.00/mo excl tax; site displays JOD 23.30 incl 16% VAT (JOD 20 x 1.16 = 23.20, site shows 23.30); lineup 100/200/500/800/1000/2000 Mbps at JOD 18/20/23/24/27/30 excl; upload not published; FX 0.709 JOD/USD"
JOR,Jordan,Zain Jordan,Silver Fiber 200,200,,32.72,https://eshop.jo.zain.com/en/internet/fiber/packages,JOD 20.00 + 16% tax = JOD 23.20/mo incl; lineup Bronze100=20.88 / Gold500=26.68 / Platinum1000=31.32 incl tax; speeds explicitly not symmetrical (upload not published); 2-year commitment; free fiber router + WiFi extender; FX 0.709
JPN,Japan,NTT東日本,光が使えるコース,100,100,27.87,knowledge,JPY 150/USD; ¥4180/mo tax-incl 2-year contract; nearest offered tier to 200 is 100M
JPN,Japan,NTT西日本,光 100M コース,100,100,27.87,knowledge,JPY 150/USD; ¥4180/mo tax-incl; equivalent 100M self-branded tier (NTT West area)
JPN,Japan,KDDI,au光hyper 1G,1000,1000,35.20,knowledge,JPY 150/USD; ¥5280/mo list price (¥4620 with au mobile bundle); no 100-300M tier so 1G recorded
JPN,Japan,NURO,NURO光 2ギガ,2000,2000,38.13,knowledge,JPY 150/USD; ¥5720/mo; symmetric 2G is NURO's only flagship consumer tier
KAZ,Kazakhstan,JSC Kazakhtelecom,Internet 200,200,100,17.50,https://telecom.kz/en/common/idnet,KZT 7999/mo FTTH (ladder 100 = 5799 / 200 = 7999 / 500 = 9999 / 1000 = 20611); upload not published - GPON; FX 457 KZT/USD (Aug-2026)
KAZ,Kazakhstan,Beeline Kazakhstan,Home Internet,100,50,24.61,https://qrnews.kz/en/news/beeline-and-tele2-announce-upcoming-tariff-increases-F06I1,KZT 11249/mo from 15-Jan-2026 (up from 8490) - speed tier not stated in the tariff notice so 100 Mbps class assumed; upload indicative; FX 457 KZT/USD
KAZ,Kazakhstan,Altel,Home Internet (4G/5G router),200,50,17.48,https://finance.kz/internet/altel,KZT 7990/mo 'Birge + TV + router' - up to 200 Mbps on 4G (up to 1500 Mbps on 5G); FIXED WIRELESS not FTTH; FX 457 KZT/USD
KEN,Kenya,Safaricom,Home Fibre Gold,150,,48,https://tech-ish.com/2026/09/15/safaricom-home-fibre-pata-more-speeds-data-voice/,"KES6,299/mo (Apr-2026 speed-up:80->150Mbps, prices unchanged); FX130 KES/USD; FUP: Gold5TB then throttled (tiers1.5/2/5/7TB; Nov-2025 FAQ had shown15TB uniform); ladder40/60/150/500/1000"
KEN,Kenya,Jamii Telecommunications,Faiba Home Plus200,200,,115,https://tech-ish.com/2025/04/01/faiba-home-plus-plans-in-kenya/,"KES15,000/mo; FX130; no fair-use limit per JTL customer care; tiers90/150/200/300/1000Mbps"
KEN,Kenya,Zuku (Wananchi/Yas),Connect,200,,54,https://techtrendske.co.ke/2026/08/04/zuku-fiber-new-prices-kenya/,"KES6,999/mo promo price (Aug-2026); FX130; exact200Mbps tier; ladder30/80/100/200Mbps"
KGZ,Kyrgyzstan,OJSC Kyrgyztelecom,Yldam Internet + IPTV 200,200,100,13.22,https://kt.kg/en,KGS 1150/mo for up to 200 Mbit/s external + IPTV (internet-only 100 Mbit/s = KGS 950); GPON - upload not separately published; FX 87 KGS/USD
KGZ,Kyrgyzstan,ElCat Ltd,Home 3+,100,50,18.97,https://elcat.kg/en/rate,KGS 1650/mo for 100 Mbps + 140 TV channels (Home 1+ 50 Mbps = 900); nearest tier to 200; FX 87 KGS/USD
KGZ,Kyrgyzstan,AKNET Ltd,Home internet 100 Mbps,100,50,17.24,knowledge,KGS 1500/mo indicative - Bishkek fibre + IPTV; FX 87 KGS/USD
KHM,Cambodia,Ezecom,Ezecom MegaSurf 100M,100,100,49.00,knowledge,Ezecom published home tiers $18/30M - $29/50M - $49/100M (MegaSurf); upload assumed symmetric
KHM,Cambodia,SINet,SINET Fiber Plus,100,100,,https://www.sinet.com.kh/internet-solution/fiber-plus/,100/100 symmetric dedicated; monthly price quoted on request (Fiber Edge 50M published at $440/yr ~ $36.67/mo; install $100)
KHM,Cambodia,MekongNet,MekongNet Home Fiber 100M,100,100,25.00,knowledge,Cambodia market benchmark ~$25/mo for 100M fibre (siemreaphub 2026); MekongNet does not publish a retail price list
KIR,Kiribati,OceanLink,OceanNet everyday plan (25 Mbps),25,,,https://www.oceanlink.ki/plans,"OceanLink publishes 25 Mbps everyday plans up to 500 Mbps fibre (oceanlink.ki) - 25 is the everyday tier nearest 200; plan prices are JS-rendered/not published, prices are in AUD (Kiribati uses AUD); price and upload blank"
KIR,Kiribati,Vodafone Kiribati,Flashnet fixed broadband,,,,https://vodafone.com.ki/,"ATH-group operator; fixed Flashnet/Pocket WiFi router and FTTH services listed in nav, but no price/speed table published - left blank rather than invented"
KNA,Saint Kitts and Nevis,Flow,Flow Fibre 200,200,,45,knowledge,Price approx - VERIFY; upload not published
KNA,Saint Kitts and Nevis,Digicel,Digicel Home 200,200,,40,knowledge,Price approx - VERIFY; upload not published; no third fixed operator found
KOR,South Korea,KT,인터넷 슬림 100M,100,100,15.94,knowledge,KRW 1380/USD; ₩22000/mo standalone 3-year term; FTTH symmetric (HFC cable tiers are 100/10)
KOR,South Korea,SK Broadband,광랜 인터넷 100M,100,100,16.74,knowledge,KRW 1380/USD; ₩23100/mo incl WiFi router (₩22000 without)
KOR,South Korea,LG U+,프리미엄 안심 100M,100,100,17.32,knowledge,KRW 1380/USD; ₩23900/mo online-direct (₩25300 before discount)
KWT,Kuwait,Ooredoo,Fiber 200,200,,39.34,https://gsmplans.com/plan/kuwait/ooredoo-home-internet-kuwait/,~KD 12/mo; Kuwait telecom VAT 0%; FX 0.305 KWD/USD; free router + free fiber install; 12/24-mo contract; upload not published
KWT,Kuwait,STC Kuwait,Baity Fiber 100,100,,45.90,https://gsmplans.com/plan/kuwait/stc-kuwait-home-internet/,~KD 14/mo; nearest tier to 200 (100 vs next 500 Mbps ~KD 22); VAT 0%; FX 0.305 KWD/USD; Zain Kuwait sells 5G FWA home only - only 2 FTTH operators found in Kuwait
LAO,Laos,Lao Telecom,Lao Telecom FTTH 180M,180,180,78.78,https://www.laotel.com/la/new-package-ftth.php?Lang=en,₭1355000/mo official FTTH list; 180Mbps is nearest tier to 200 (300Mbps = ₭2255000); upload not published - assumed symmetric
LAO,Laos,Unitel,,,,,knowledge,Unitel sells home fibre but publishes no public tariff list; benchmark Lao Telecom 180M = ₭1355000 ($78.78); blank rather than invented
LAO,Laos,ETL,,,,,knowledge,ETL sells FTTH (store.etllao.com) but prices not public in English; benchmark Lao Telecom 180M = ₭1355000 ($78.78); blank rather than invented
LBN,Lebanon,OGERO,Fiber 400GB,300,,23.46,https://waradana.com/english/article/265591-fiber-internet-prices-in-lebanon-a-comprehensive-guide,"LBP 2,100,000/mo for up-to-300 Mbps / 400GB (quota tiers: 50Mbps 630k-1.75M LBP; 300Mbps 400GB=2.1M up to 2000GB=6.3M; unlimited only up to 50Mbps = 2.25M); nearest-to-200 tier = 300 (50 is further); VAT treatment not confirmed; FX 89,500 LBP/USD (exchangerate-api 22-Sep-2026); touch & Alfa are mobile/fixed-LTE only"
LBN,Lebanon,IDM,IDM Fiber 300GB,1000,150,22.32,https://www.idm.net.lb/fiber.html,"LBP 1,800,000/mo + 11% VAT = 1,998,000; advertised up to 1 Gbps download / up to 150 Mbps upload on GDS network in select areas, else up to 300 Mbps; quota tiers 300/400/500/750/1000GB at 1G + Platinum 50Mbps unlimited 2.35M LBP; FX 89,500"
LBN,Lebanon,Cyberia,CyberSMART Fiber Net Addict,50,,29.15,https://cyberia.net.lb/cybersmart-fiber.php,"LBP 2,350,000/mo HT + 11% VAT = 2,608,500; unlimited with FUP; plan grid publishes up-to-50 Mbps for this tier while page notice says fiber reaches 1Gbps on GDS network / 300 Mbps elsewhere - grid value recorded; upload not published; FX 89,500"
LBR,Liberia,Orange Liberia,Fibre to Home,,,,https://www.orange.com.lr/en/voice-and-data-offers.html,Orange Liberia markets 'Fiber to Home' / Orange Fiber Services alongside Easy box and Flybox LTE; the pages are JS-rendered so no speed tier or LRD price could be verified - blank; FX LRD 173.04 = 1 USD (22-Sep-2026)
LBR,Liberia,Lonestar Cell (MTN Liberia),,,,,https://lonestarcell.com/data-bundle/,Lonestar Cell-MTN sells LTE/fixed-LTE home internet and data bundles; no fibre tier published - blank
LBR,Liberia,Novafone,,,,,https://www.telecomtrainer.com/list-of-mobile-operators-in-liberia/,"Liberian-owned operator, third mobile network; no consumer fibre/fixed tier published - blank"
LBY,Libya,Libya Telecom & Technology (LTT),Fiber 100 (Hay Al-Zahour),100,,40.84,https://www.ltt.ly/personal/fiber,"FTTH only in Hay Al-Zahour (Tripoli) pilot area: Drive150 = 8Mbps/150GB = 60 LYD, 20Mbps = 95, 30Mbps = 170, 100Mbps unlimited = 260 LYD/30d; FX 6.3667 LYD/USD mid-market (exchangerate-api 22-Sep-2026; CBI official has historically been 1.417 - at that rate 260 LYD ~= USD 183); no other confirmed consumer FTTH (Skytech/Halla/LT-Net are local fixed-WiFi ISPs, Libyana = mobile data)"
LCA,Saint Lucia,Flow,Flow Fibra 200,200,,45,knowledge,Price approx - VERIFY; upload not published
LCA,Saint Lucia,Digicel,Digicel Home 200,200,,40,knowledge,Price approx - VERIFY; upload not published; no third fixed operator found
LIE,Liechtenstein,Telecom Liechtenstein AG (FL1),FL1 Internet Fiber,200,100,59.88,https://www.fl1.li,Local CHF 49.90 approx; micro-market tier/price knowledge-based - FL1 is largest FL fixed operator at 50% share per AK stats; FX CHF=1.20
LIE,Liechtenstein,Salt (Liechtenstein) AG,7acht Internet,1000,1000,59.94,https://www.salt.ch,Local CHF 49.95 approx; knowledge-based - 7acht holds 5% of FL fixed connections per AK stats; FX CHF=1.20
LIE,Liechtenstein,SupraNet AG,SupraNet Fiber,500,500,70.80,https://www.supranet.li,Local CHF 59.00 approx; knowledge-based - SupraNet holds 8% of FL fixed connections per AK stats; FX CHF=1.20
LKA,Sri Lanka,Sri Lanka Telecom (SLT Fibre),Fibre 200/100 Unlimited,200,100,26.17,https://slt.lk/en/broadband/packages,LKR 7850/mo indicative for the 200 Mbps/100 Mbps unlimited-voice tier (100/50 = LKR 5900 class); FX 300 LKR/USD
LKA,Sri Lanka,Dialog Axiata,Dialog Fibre 200 Mbps Unlimited,200,100,39.07,https://dialog.lk/wi-fi/fibre,LKR 11720/mo incl. tax (exc. tax LKR 9490); 1-year commitment for new connections; connection fee LKR 12500; upload indicative; FX 300 LKR/USD
LKA,Sri Lanka,Lanka Bell,Fibre 100 Mbps,100,50,16.67,knowledge,LKR 5000/mo indicative - nearest tier to 200; Colombo FTTH; FX 300 LKR/USD
LSO,Lesotho,Econet Telecom Lesotho,Fibre Broadband residential,150,,,https://techbiva.com/data/lesotho-internet-packages-data-plans/,Residential FTTH up to150Mbps (top tier <200 so top tier recorded; business up to1Gbps); price on application - not published
LSO,Lesotho,Vodacom Lesotho,Uncapped Fixed Broadband,45,,50,https://techbiva.com/data/lesotho-internet-packages-data-plans/,LSL999/mo uncapped45Mbps (Londa Report via techbiva Jul-2026); FX18 LSL/USD (pegged to ZAR);200GB@15Mbps also LSL999; top consumer tier
LSO,Lesotho,Leo Lesotho,,,,,https://techbiva.com/data/lesotho-internet-packages-data-plans/,Wireless broadband ISP in Maseru (microwave); residential tiers not published
LTU,Lithuania,Telia Lietuva,Plačiajuostis 300,300,300,18.70,knowledge,local 15.99 EUR/mo; FX 1.17 USD/EUR
LTU,Lithuania,Cgates,Plačiajuostis 300,300,100,15.10,knowledge,local 12.90 EUR/mo; FX 1.17 USD/EUR; cable and fibre operator
LTU,Lithuania,Init,Init internetas 100,100,100,8.10,https://init.lt/internet-offer/,local 6.90 EUR/mo; FX 1.17 USD/EUR; published entry tier
LUX,Luxembourg,POST Luxembourg,POP Internet S,100,50,59.80,https://www.post.lu,Local EUR 52.00/mo; POST tiers S100/M500/L1000/XL8500 so 100 is nearest to 200; FX EUR=1.15
LUX,Luxembourg,Eltrona,Internet GiGA,1000,1000,45.99,https://eltrona.lu,Local EUR 39.99/mo no-commitment single 1G tier - nearest available to 200; FX EUR=1.15
LUX,Luxembourg,Tango,GO Fibre M,2000,1000,69.00,https://www.tango.lu,Local EUR 60.00 standard (promo EUR 40 first 12m); upload per Tango XGS profile; FX EUR=1.15
LVA,Latvia,Tet (Lattelecom),Tet Internets 300,300,300,19.90,knowledge,local 16.99 EUR/mo; FX 1.17 USD/EUR
LVA,Latvia,Balticom,Balticom Optika 300,300,300,15.20,https://balticom.lv/en/internet,local 12.99 EUR/mo; FX 1.17 USD/EUR; Bite Group company
LVA,Latvia,Bite Latvija,Bite optiskais internets 300,300,300,17.50,https://www.bite.lv/lv/optiskais-majas-internets,local 14.99 EUR/mo; FX 1.17 USD/EUR
MAR,Morocco,Maroc Telecom,Fibre 200,200,200,50.76,https://fiberoptic.ma/comparatif-fibre-optique-maroc-2026-orange-inwi-ou-maroc-telecom/,MAD 500/mo as published (Jan-2026); FX 9.85 MAD/USD; symmetric FTTH; VAT treatment not confirmed on source
MAR,Morocco,Orange Morocco,Fibre 200,200,200,45.58,https://fiberoptic.ma/comparatif-fibre-optique-maroc-2026-orange-inwi-ou-maroc-telecom/,MAD 449/mo as published (Jan-2026); FX 9.85 MAD/USD; symmetric FTTH + Wi-Fi 7 router; VAT treatment not confirmed on source
MAR,Morocco,inwi,Fibre 200,200,200,45.58,https://fiberoptic.ma/comparatif-fibre-optique-maroc-2026-orange-inwi-ou-maroc-telecom/,MAD 449/mo as published (Jan-2026); FX 9.85 MAD/USD; price parity with Orange at 200 Mbps
MCO,Monaco,Monaco Telecom,Fibre basic,500,50,45.99,https://monaco-telecom.mc,Local EUR 39.99/mo (promo EUR 34 first 12m); Monaco FTTH base tier 500/50 - nearest to 200; FX EUR=1.15
MCO,Monaco,Orange France,Fibre 500 nearest market,500,500,50.59,https://www.orange.fr,Micro-state: fixed line in Monaco is a Monaco Telecom concession - nearest-market French operator listed; local EUR 43.99; FX EUR=1.15
MCO,Monaco,SFR,Fibre 500 nearest market,500,500,40.24,https://www.sfr.fr,Micro-state nearest-market operator; local EUR 34.99 standard after promo; FX EUR=1.15
MDA,Moldova,Moldtelecom,MaxFiber 300,300,300,16.70,https://en.wikipedia.org/wiki/Internet_in_Moldova,local 279 MDL/mo; FX 0.060 USD/MDL
MDA,Moldova,StarNet,StarNet FTTx 300,300,300,14.30,https://en.wikipedia.org/wiki/Internet_in_Moldova,local 239 MDL/mo; FX 0.060 USD/MDL; FTTx pioneer
MDA,Moldova,Orange Moldova,Orange Internet 300,300,300,15.50,https://en.wikipedia.org/wiki/Internet_in_Moldova,local 259 MDL/mo; FX 0.060 USD/MDL
MDG,Madagascar,Telma,Fibre'In,200,,11,https://midi-madagasikara.mg/telma-lancement-de-fibrein-loffre-internet-la-moins-chere-en-afrique/,"MGA49,000/mo with100GB FUP; FX4,500 MGA/USD; higher tiers Fibre GO/FAMILY/HOME MGA99k-249k (FUP150-900GB)"
MDV,Maldives,Dhiraagu,Limitehneh Fibre 100 Mbps,100,50,84.31,knowledge,MVR 1300/mo indicative; nationwide FTTH covering 100% of households (completed Dec-2024); FX 15.42 MVR/USD (pegged)
MDV,Maldives,Ooredoo Maldives,SuperNet Unlimited 100M,100,50,77.82,https://www.ooredoo.mv/broadband/supernet-fibre-broadband,MVR 1200/mo indicative; marketed 'SUPERNET UNLIMITED NO CAP - truly unlimited' with published FUA: speed after FUA 5 Mbps; 8% GST applies; FX 15.42 MVR/USD
MDV,Maldives,Focus Infocom,Home broadband 100 Mbps,100,50,64.85,knowledge,Male' ISP - licensed as second ISP in 2003 per DMADD; MVR 1000/mo indicative; FX 15.42 MVR/USD
MEX,Mexico,Telmex,Infinitum 200,200,100,31,https://mejorconexion.mx/blog/internet-telmex-infinitum-planes-precios-2026.html,FTTH; MXN 549 promo ~US$31 @17.5 (regular ~MXN 799); upload ~100Mbps on the 200 tier per published table
MEX,Mexico,Totalplay,Totalplay 200,200,200,28,https://mejorconexion.mx/planes-internet/telmex-vs-izzi-vs-totalplay-mexico.html,Pure FTTH symmetric (up=down); entry from MXN 399 promo / ~MXN 549 real; 200Mbps tier ~MXN 499 ~US$28 - tier price VERIFY
MEX,Mexico,izzi,izzi 200,200,20,26,https://mejorconexion.mx/blog/infinitum-vs-izzi-opiniones-2026.html,HFC coax asymmetric; izzi 200 = MXN 449 ~US$26 @17.5; entry bundles from MXN 299
MHL,Marshall Islands,NTA (National Telecommunications Authority),DSL / fixed broadband (Majuro Ebeye),1.5,,,https://ntamar.net/index.php/services/internet,"Sole MNO and ISP; ADSL up to 1.5 Mbps on five atolls plus fibre to Majuro/Ebeye (ITU-2017 country profile, LCA-2024) - this is the top published tier; tariff sheet not online so price blank; upload not published"
MKD,North Macedonia,Makedonski Telekom,Net 100 FTTH,100,100,18.68,https://www.mkk.com.mk,Local MKD 999 approx knowledge; nearest tier by distance to 200; FX MKD=0.0187 (61.5 per EUR)
MKD,North Macedonia,ONE Macedonia,ONE Fiber 200,200,200,20.57,https://one.mk,Local MKD 1099 approx knowledge; exact 200 tier; FX MKD=0.0187
MKD,North Macedonia,A1 Macedonia,A1 NetTV S,150,150,20.55,https://www.a1.mk,Local MKD 1099/mo; A1 FTTH tiers 70/150/500/1000 so 150 is nearest to 200; FX MKD=0.0187
MLI,Mali,Orange Mali,Fibre (top tier),200,,96.19,https://www.africascoop.net/index.php/2026/08/20/lancement-des-nouvelles-offres-internet-reside,"Aug-2026 refresh: entry fibre 10->30 Mbps = 15,000 / Fibre Plus 40->80 Mbps = 25,000 / Fibre Family 100 Mbps = 35,000 / top tier doubled 100->200 Mbps and cut 60,000->55,000 FCFA per month; FX XOF 571.81 = 1 USD"
MLI,Mali,Moov Africa Mali (Malitel),Fibre 200,200,,,https://www.moov-africa.ml/mafibre/Pages/MA-FIBRE.aspx,'Ma Fibre' advertises fibre speeds up to 200 Mbps; the site failed TLS verification during this pass so no FCFA price could be verified - blank; FX XOF 571.81 = 1 USD
MLT,Malta,GO,GO True Fibre 300,300,30,31.05,https://www.go.com.mt,Local EUR 27.00 approx knowledge; entry tier tripled to 300/30 in Mar-2025 for +EUR 2; FX EUR=1.15
MLT,Malta,Melita,Flexi 250,250,25,28.69,https://www.melita.com,Local EUR 24.95 incl TV Starter (Flexi 250 bundle per qabbel.mt Jul-2026); HFC/cable - upload scaled not published for 250 tier; FX EUR=1.15
MLT,Malta,Epic,Home Fibre 300,300,30,31.04,https://www.epic.com.mt,Local EUR 26.99 standard after 12-mo 50% promo (EUR 13.49); FTTH; FX EUR=1.15
MMR,Myanmar,MPT,MPT SME Broadband Plan 4,125,125,64.29,knowledge,MMK 2100/USD; ₭135000/mo for 125Mbps fibre unlimited data; nearest tier to 200 (100Mbps = ₭100000); upload assumed symmetric
MMR,Myanmar,Myanmar Net,Myanmar Net Biz+ Fiber 170M,170,170,94.76,knowledge,MMK 2100/USD; ₭199000/mo (Apr-2026 price list); nearest tier to 200 (233M = ₭274000); upload assumed symmetric
MMR,Myanmar,5BB Broadband,5BB Prepaid 50,50,50,29.30,knowledge,MMK 2100/USD; ₭53500/mo + 15% commercial tax; 50Mbps is 5BB's highest published consumer FTTH tier (business fibre to 10Gbps by quote)
MNE,Montenegro,Crnogorski Telekom,Home Internet L,2000,1000,34.39,https://telekom.me,Local EUR 29.90 standard (promo EUR 14.95 first 3m); only published tier is 2G - nearest available to 200; FX EUR=1.15
MNE,Montenegro,Telemach Montenegro,EON FULL,500,50,45.89,https://telemach.me,Local EUR 39.90 after 6-mo promo (EUR 19.95); network speeds up to 500 - nearest to 200; FX EUR=1.15
MNE,Montenegro,m:tel Montenegro,Net 200,200,20,28.64,https://mtel.me,Local EUR 24.90 approx knowledge; cable/fiber tier nearest to 200; FX EUR=1.15
MNG,Mongolia,Unitel,Unitel Fiber 100M,100,50,18.21,knowledge,MNT 3570/USD; approx ₮65000/mo Ulaanbaatar; tier not publicly price-listed in English
MNG,Mongolia,Mobicom,Mobicom Home Fiber 200M,200,100,21.01,knowledge,MNT 3570/USD; approx ₮75000/mo; UB baseline ~MNT42-45k for 60Mbps (world-prices 2026)
MNG,Mongolia,Skytel,SkyFiber 200M,200,100,22.41,knowledge,MNT 3570/USD; approx ₮80000/mo; fiber tiers quoted in-store not online
MOZ,Mozambique,Vodacom Moçambique,KayaNet100,100,50,47,https://infromoz.com/tecnologia/pacotes-de-internet-vodacom-2026-precos-megas-e-codigos-de-ativacao/,"MT2,999/mo for100/50Mbps FTTH (Maputo-Matola bairros listed); FX64 MZN/USD; advertised no data limit; install/equipment incl. promo"
MOZ,Mozambique,Tmcel,,,,,knowledge,Incumbent Telecomunicacoes de Mocambique; FTTH in Maputo; tiers/prices not captured
MRT,Mauritania,Moov Mauritel,Fibre 200,200,,,knowledge,"Moov Mauritel advertises fibre tiers of 100, 200 and 500 Mbps (mauritel.mr homepage); MRU prices exist in the regulator's published file (are.mr/pdfs/tarifs_mauritel_juin_2025.pdf) but that PDF could not be parsed and mauritel.mr fails TLS verification, so price left blank; FX MRU 40.33 = 1 USD (22-Sep-2026)"
MRT,Mauritania,Rimatel,,,,,https://are.mr/pdfs/tarifs_rimatel_juin_2025.pdf,Regulator-published June-2025 tariff file for Rimatel's 'Cheriktak' fibre access (shared and dedicated); values not extracted (PDF) - blank
MRT,Mauritania,Mattel (Mauritania Telecom),,,,,knowledge,State fixed-line operator offering corporate/consumer internet; no published consumer fibre tier or price verified - blank
MRT,Mauritania,Moov Mauritel (ex-Mauritel),La Fibre de Moov 200,200,,123.96,https://are.mr/pdfs/tarifs_mauritel_juin_2025.pdf,"Official TTC tariff Jun-2025 (18% VAT incl): FTTH 15=1,200 / 30=1,500 / 50=2,500 / 100=4,000 / 200=5,000 MRU/mo (ADSL 4-20Mbps also sold); offers extended to 500Mbps in Jul-2025; FX 40.33 MRU/USD (exchangerate-api 22-Sep-2026); SOLE FTTH operator - Mattel sells Wifidari fixed-WiFi box, Chinguitel is mobile only"
MUS,Mauritius,Mauritius Telecom (Orange / my.t),,,,,knowledge,Incumbent; my.t fibre FTTH sold nationally; public residential tier/price list not captured Sep-2026
MWI,Malawi,Malawi Telecommunications (MTL),,,,,knowledge,Incumbent fixed operator; residential FTTH tiers not published
MYS,Malaysia,TM Unifi,Unifi Home 300M,300,50,33.10,knowledge,MYR 4.20/USD; RM139/mo (RM129 promo on 24/27-month); upload 50M published
MYS,Malaysia,Maxis,Maxis Home Fibre 300M,300,50,30.71,knowledge,MYR 4.20/USD; RM129/mo new-user promo (RM139 normal); upload approx 50M (not published)
MYS,Malaysia,TIME,TIME Fibre 200M,200,200,23.57,knowledge,MYR 4.20/USD; RM99/mo 24-month; symmetric 200/200 published - exact 200 tier
NAM,Namibia,MTC Namibia,Spectra Home75 (FTTH),75,37.5,61,https://temovision.com/mtc-namibia-bundles/,"NAD1,099/mo on12-month term; FX18 NAD/USD; top tier (75Mbps FTTH only, below100 so top tier recorded); uncapped ladder10/15/25/35/50/75Mbps; install NAD2,600"
NAM,Namibia,Telecom Namibia,,,,,knowledge,Incumbent fixed operator; residential fibre/DSL tier list not captured
NAM,Namibia,Paratus Namibia,,,,,knowledge,National ISP/backbone operator; consumer broadband tiers not captured
NER,Niger,Orange Niger,Fibre 50,50,,,https://vosreponses.com/meilleurs-forfaits-internet-au-niger-en-2025/,"Orange Niger fibre is promoted as the household/enterprise option at 50 Mbps; no reachable page published the FCFA monthly price, so price left blank; FX XOF 571.81 = 1 USD"
NER,Niger,Niger Telecom,,,,,knowledge,State-owned ISP with fibre and VSAT/enterprise capacity; no current consumer tier or price verified - blank
NER,Niger,Liptinfor,,,,,https://www.liptinfor.net/rates.pdf,Nigerien ISP that publishes a tariff catalogue (PDF); values were not machine-extractable in this pass - blank
NGA,Nigeria,ipNX,FOS Xtreme 200,200,,79.98,https://elowise.ng/ipnx-internet-review-nigeria-2026-plans-speed-coverage/,"Local price NGN 106,425/month, top residential FOS Xtreme tier (published range 20-200 Mbps); NGN 55,900 setup; upload speed not published; FX NGN 1,330.69 = 1 USD (exchangerate-api, 22-Sep-2026)"
NGA,Nigeria,MTN Nigeria,FibreX 200,200,,52.60,https://www.mtn.ng/broadband/fibrex/,"Local price NGN 70,000/month for 200 Mbps unlimited (mtn.ng tier list as reported Sep-2026; one tracker shows NGN 68,500); MTN states no FUP/throttle on FibreX; free-to-use router; FX NGN 1,330.69 = 1 USD"
NGA,Nigeria,FiberOne,Smarthome Platinum,220,,63.64,https://www.legit.ng/ask-legit/guides/1677926-heres-a-fiberones-residential-plans-coverage-areas/,"Local price NGN 84,687/month Lagos (tier nearest 200 Mbps); full ladder NGN 16,914/28,706/44,003/44,003/84,687 for 30/65/120/160/220 Mbps; also Abuja, PH, Ilorin variants; FX NGN 1,330.69 = 1 USD"
NIC,Nicaragua,Claro,Claro Fibra 200,200,200,30,https://www.claro.com.ni/personas/servicios/servicios-hogar/cobertura-internet/,"FTTH; ~NIO 1,100/mo ~US$30 @36.6 approx"
NIC,Nicaragua,Tigo,Tigo Hogar 200,200,,27,https://ayuda.tigo.com.ni/hc/centro-de-ayuda/articles/1740423272,"200Mbps documented in Tigo Hogar bundle from NIO 1,210 incl TV+mobile; internet-only ~NIO 1,000 ~US$27 approx; upload not published"
NLD,Netherlands,KPN,Sneller 200 glasvezel,200,200,51.75,https://www.kpn.com,Local EUR 45.00 list since Mar-2026 price change; FX EUR=1.15; exact 200/200 tier
NLD,Netherlands,Ziggo,Internet 200,200,200,48.24,https://www.ziggo.nl,Local EUR 41.95 list; entry tier since Jun-2026 (100 and 400 closed to new customers); FX EUR=1.15
NLD,Netherlands,Odido,Glasvezel 100,100,100,41.98,https://www.odido.nl,Local EUR 36.50 standard after 12-mo promo; Odido FTTH tiers 100/400/1000 so 100 is nearest to 200; FX EUR=1.15
NOR,Norway,Telenor,Telenor Fiber 300,300,300,49.90,knowledge,local 499 NOK/mo; FX 0.10 USD/NOK
NOR,Norway,Altibox (Lyse),Altibox Fiber 100,100,100,39.90,knowledge,local 399 NOK/mo; FX 0.10 USD/NOK; tiers 100/500/1000 so 100 picked
NOR,Norway,Telia Norge (Get),Get Fiber 300,300,300,46.90,knowledge,local 469 NOK/mo; FX 0.10 USD/NOK
NPL,Nepal,WorldLink,Home broadband 100 Mbps,100,50,14.89,knowledge,NPR 2100/mo indicative - nearest tier to 200; FX 141 NPR/USD (INR peg)
NPL,Nepal,Subisu CableNet,Fibre 100 Mbps,100,50,14.18,knowledge,NPR 2000/mo indicative; FX 141 NPR/USD
NPL,Nepal,Nepal Telecom (NTC),FTTH 100 Mbps,100,100,11.35,knowledge,NPR 1600/mo indicative; state operator GPON; FX 141 NPR/USD
NRU,Nauru,Digicel Nauru,Smart 140 (170GB / 30 days),,,99.69,https://www.digicelpacific.com/mobile/nr/bundles,No fibre product - 4G data-SIM/router home broadband; AUD140 per 30 days (Nauru uses AUD); speed tier not published - blank; FX AUD 1.404334
NZL,New Zealand,Spark,Everyday Fibre (unlimited),105,26,52.01,https://www.broadband.co.nz/spark,"NZ$91/mo (Spark Lite Fibre NZ$70 is 300GB-capped); 105/26 = typical evening on the NZ 100 Mbps tier, the tier nearest 200 because big-3 retailers now list 100/500/900 only (no 300); FX NZD 1.749682; comparison page updated Dec-2025"
NZL,New Zealand,2degrees,Fibre Starter (unlimited),106,25,40.01,https://www.broadband.co.nz/2degrees,NZ$70/mo on 12-month term; typical evening 106/25 on 100 Mbps tier (nearest to 200 - no 300 tier listed); FX NZD 1.749682; updated Dec-2025
NZL,New Zealand,One NZ,Unlimited Fibre Starter,105,26,40.01,https://www.broadband.co.nz/one-nz,NZ$70/mo; typical evening 105/26 on 100 Mbps tier (nearest to 200); One NZ standard fibre is now 500 Mbps; FX NZD 1.749682; updated Dec-2025
OMN,Oman,Omantel,Baiti Fiber 300,300,,81.93,https://gsmplans.com/plan/oman/omantel-baiti-home-internet-oman/,OMR 30 + 5% VAT = OMR 31.50; FX 0.3845 OMR/USD (1 OMR = 2.6008 USD); 12-mo contract; free mesh promo on OMR30+ plans; upload not published
OMN,Oman,Ooredoo Oman,Manzili Fibre 200,200,,95.58,https://gsmplans.com/plan/oman/ooredoo-manzili-home-internet-oman/,OMR 35 + 5% VAT = OMR 36.75; unlimited data free for first 12 months (promo) then reverts to cap; FX 0.3845; free router + install
OMN,Oman,Awasr,Awasr Fiber Home,,,,https://www.awasr.com/,Muscat FTTH ISP (real operator) - tariff/speeds not verified this pass; blank over fabrication
PAK,Pakistan,Pakistan Telecommunication Company (PTCL),Flash Fiber FTTH 200,200,200,28.57,https://speedtester.pk/fiber-internet-pakistan,Rs 8000/mo for 200 Mbps symmetric FTTH in covered areas of Islamabad/Lahore/Karachi/Peshawar (2026); triple-play bundles available; FX 280 PKR/USD
PAK,Pakistan,StormFiber (Cybertel),Blitz 200 Mbps,200,100,43.93,https://propakistani.pk/packages/internet-packages/stormfiber-packages,Rs 12299 per 30 days unlimited (Blitz tier); Triple Blitz bundle slightly higher; upload indicative; FX 280 PKR/USD
PAK,Pakistan,Nayatel,Home Unlimited 70 Mbps,70,70,18.93,https://propakistani.pk/2026/06/19/nayatel-increases-prices-of-home-internet-packages,Rs 5300/mo from 1-Jul-2026 (30 = Rs 2225 / 40 = Rs 3450); highest residential tier is 70 Mbps so it is the nearest to 200; symmetric; FX 280 PKR/USD
PAN,Panama,Tigo,Tigo Fibra 200,200,25,50,https://insidepanama.com/es/vida-cotidiana/internet-operadores-panama-2026,Cable Onda network (merged with Tigo 2019); 200Mbps listed at $45-60 so ~$50; measured upload ~20-25Mbps on the 100 tier
PAN,Panama,+Movil (Cable & Wireless),+Fibra 300,300,300,34,https://panamarealestateguide.com/living/internet-providers-panama-expats,C&W Panama symmetric fiber 300-1000 from B/.34 (BSD pegged 1:1 USD); lineup starts at 300 so 300 nearest 200; absorbed Claro Panama Jul 2022
PAN,Panama,Movistar,Movistar Fibra 200,200,,45,https://panacrypto.com/es/conectividad-internet-panama/,Ex-Telefonica; plans 15-250Mbps for $30-90; 200 tier ~$45 - VERIFY still sold; upload not published
PER,Peru,Movistar,Movistar Fibra 300,300,300,23.73,knowledge,S/ 79.90/mes
PER,Peru,Claro,Claro Fibra 300,300,300,26.70,knowledge,S/ 89.90/mes
PER,Peru,Bitel,Bitel Fibra 300,300,300,17.79,knowledge,S/ 59.90/mes; FTTH Viettel; el mas barato del mercado
PHL,Philippines,PLDT,Fiber Unli All 1499,200,100,26.30,knowledge,PHP 57/USD; ₱1499/mo 36-month lock-in; upload not published - FTTH approx 100M
PHL,Philippines,Globe,GFiber 200M,200,100,29.81,knowledge,PHP 57/USD; ₱1699/mo 24-month lock-in; upload not published - approx
PHL,Philippines,Converge,Super FiberX Play,200,100,23.67,knowledge,PHP 57/USD; ₱1349/mo 24-month (200Mbps tier); upload not published - approx
PLW,Palau,PNCC (Palau National Communications Corp),Palaunet / HomeNet broadband,,,21.20,https://www.pnccpalau.com/residential-and-personal/internet,"Sole operator; prepaid internet cards USD2.12/2 days, USD5.30/5 days, USD10.60/15 days unlimited, basic home plan ~USD21.20/mo; page is JS-rendered so speed tiers blank; Palau uses the US dollar"
PNG,Papua New Guinea,Telikom PNG,VelocityXtreme 50Mbps (unlimited),50,,10671.60,https://www.telikompng.com.pg/index.php/fixed-broadband/fixed-broadband-plans,"Published speed tiers are 1/5/10/25/50 Mbps - top tier (50) is nearest 200; price as listed PGK47,500 treated as monthly (business-grade; upload not published); consumer prepaid packs e.g. 20GB/30d = PGK95 (~US$21); FX PGK 4.451074"
PNG,Papua New Guinea,ElluNet PNG,GPON FTTH on DataCo fibre,100,,39.32,https://ellunetpng.com.pg,FTTH resale of PNG DataCo fibre at PGK150-200 per 100 Mbps (midpoint PGK175/mo); upload not published; DataCo itself is wholesale-only; FX PGK 4.451074
POL,Poland,Orange Polska,Światłowód Orange 300,300,300,18.90,knowledge,local 69.99 PLN/mo; FX 0.27 USD/PLN; symmetric FTTH
POL,Poland,Play (Netia),Światłowód Play 300,300,300,16.20,knowledge,local 59.99 PLN/mo; FX 0.27 USD/PLN; runs on Netia fibre
POL,Poland,T-Mobile Polska,Internet światłowodowy 300,300,300,17.50,knowledge,local 64.99 PLN/mo; FX 0.27 USD/PLN; symmetric FTTH
PRK,North Korea,,,,,,,No public retail FTTH tariff exists; state network is not commercially priced; blank rather than invented
PRT,Portugal,MEO,M1 Net fibra 1G,1000,1000,34.49,https://www.meo.pt,Local EUR 29.99 with 24-mo fidelização (EUR 39.99 without); MEO net-only tiers start at 1G - nearest available to 200; FX EUR=1.15
PRT,Portugal,NOS,Net fibra 200,200,200,28.75,https://www.nos.pt,Local EUR 25.00 list for net-only 200 Mbps; exact 200 tier; FX EUR=1.15
PRT,Portugal,Vodafone Portugal,Fibra Light 200,200,200,33.93,https://www.vodafone.pt,Local EUR 29.50 Light tier approx knowledge; nearest to 200; FX EUR=1.15
PRY,Paraguay,Tigo,Tigo Fibra 300,300,300,,knowledge,Precio por confirmar; FX PYG 5941/USD
PRY,Paraguay,Claro,Claro Fibra 300,300,300,,knowledge,Precio por confirmar; FX PYG 5941/USD
PRY,Paraguay,Copaco,Copaco NEO Fibra 300,300,300,,knowledge,Precio por confirmar; FX PYG 5941/USD
PSE,Palestine,Paltel (Hadara),Giga Fiber 300,300,300,39.76,https://www.facebook.com/paltel.palastine/posts/1538542584953077/,"Paltel Giga Fiber symmetric tiers: 60=75, 100=99, 300=120 NIS/mo (promo with 2 free months; excl-VAT status unclear - if +16% VAT then ~USD 46); FX 3.018 NIS/USD (exchangerate-api 22-Sep-2026); NO genuine 2nd FTTH operator: Jawwal Fiber and Giga are same Paltel group, Ooredoo Palestine is mobile-only; West Bank only"
QAT,Qatar,Ooredoo,Home+ Go 1 Gbps,1000,,64.56,https://gsmplans.com/plan/qatar/ooredoo-home-plus-internet-qatar/,QAR 235/mo standard (QR 200 intro rate not applied); Qatar VAT 0%; FX 3.64 QAR/USD; no 150-300 Mbps tier - lineup runs 1-10 Gbps; upload not published
QAT,Qatar,Vodafone Qatar,GigaHome 1 Gbps,1000,,96.15,https://gsmplans.com/plan/qatar/vodafone-gigahome-fiber-qatar/,"QAR 350/mo standard (year-1 promo: 2 months free + 10 months reduced, not applied); VAT 0%; FX 3.64; no-FUP fiber; only 2 FTTH operators in Qatar"
ROU,Romania,Digi (RCS&RDS),Digi Net 300,300,300,8.20,knowledge,local 39 RON/mo; FX 0.21 USD/RON; cheapest fibre in the EU
ROU,Romania,Orange România,Orange Fiber 300,300,300,14.70,knowledge,local 69.99 RON/mo; FX 0.21 USD/RON
ROU,Romania,Vodafone România,GigaNet 300,300,300,12.40,knowledge,local 59 RON/mo; FX 0.21 USD/RON
RUS,Russia,Rostelecom,Домашний интернет GPON 300,300,100,5.40,knowledge,local 490 RUB/mo; FX 0.011 USD/RUB; tier nearest 200 in the 100-300 band
RUS,Russia,MGTS,ГПОН 300,300,300,7.60,knowledge,local 690 RUB/mo; FX 0.011 USD/RUB; Moscow GPON; upload as advertised
RUS,Russia,Beeline,Домашний интернет 200,200,100,6.60,knowledge,local 599 RUB/mo; FX 0.011 USD/RUB; 200 tier is the exact nearest to 200
RWA,Rwanda,MTN Rwanda,,,,,knowledge,FTTH/home internet sold in Kigali; public residential tier/price list not captured Sep-2026
SAU,Saudi Arabia,STC,Baity Fiber Basic,300,100,76.67,https://www.stc.com.sa/content/stc/sa/en/personal/homepackages/baity-bundles.html,SAR 287.50/mo incl 15% VAT; FX 3.75 SAR/USD; free modem + installation; stc TV Lite included
SAU,Saudi Arabia,Mobily,Home Fiber Postpaid 300,300,100,61.33,https://www.mobily.com.sa/web/en/personal/home/fiber-postpaid/fiber-postpaid-300,SAR 230.00/mo incl VAT ltd-time offer (Giraffy 22-Sep-2026); standard list SAR 287.50; FX 3.75 SAR/USD; free router + install
SAU,Saudi Arabia,Zain,Fiber Home,200,50,63.73,https://shop.sa.zain.com/en/product/fiber-home,SAR 239.00/mo incl VAT; 18-month commitment; free router + WiFi extender; FX 3.75 SAR/USD
SAU,Saudi Arabia,Salam,Salam Fiber 300,300,100,65.73,https://salam.sa/en/personal/fiber-postpaid,SAR 246.50/mo incl VAT; free modem; 12-mo contract; FX 3.75 SAR/USD
SDN,Sudan,Sudani (Sudatel),FTTH,,,,https://en.wikipedia.org/wiki/Telecommunications_in_Sudan,"Sudatel Group offers ADSL, FTTH and mobile internet via subsidiary Sudani across major cities; Zain/MTN Sudan are mobile-broadband only; repeated nationwide internet shutdowns since 2023 civil war; tariff not verified - blank over fabrication"
SEN,Senegal,Orange Sénégal,Fibre Prémium,150,,96.01,https://prixdakar.com/les-tarifs-de-linternet-au-senegal-comparatif-des-offres-adsl-et-fibre-en-2026/,"Local price XOF 54,900/month TTC (150 Mbps, top residential tier so nearest to 200); other Orange fibre tiers XOF 14,900/21,900-26,900/39,900 for 10/20-40/100 Mbps; FAS activation XOF 25,000-35,000; FX XOF 571.81 = 1 USD"
SEN,Senegal,Yas Sénégal,Sunu Fibre 100,100,,57.71,https://prixdakar.com/les-tarifs-de-linternet-au-senegal-comparatif-des-offres-adsl-et-fibre-en-2026/,"Local price XOF 33,000/month (top tier, includes 3 mobile lines + data/SMS); ladder 20/40/60/100 Mbps = XOF 14,900/20,000/25,900/33,000; FX XOF 571.81 = 1 USD"
SEN,Senegal,Expresso Sénégal,Fibre Pro 100,100,,122.24,https://prixdakar.com/les-tarifs-de-linternet-au-senegal-comparatif-des-offres-adsl-et-fibre-en-2026/,"Local price XOF 69,900/month HT (top Pro tier, symmetric); residential Family 10 Mbps XOF 19,900 and Family+ 30 Mbps XOF 29,900, Pro 50 Mbps XOF 39,900; FX XOF 571.81 = 1 USD"
SGP,Singapore,Singtel,Singtel 1Gbps fibre,1000,1000,31.17,knowledge,SGD 1.28/USD; S$39.90/mo (S$45.90 with router); no sub-1G tier sold so 1G recorded
SGP,Singapore,StarHub,StarHub 500Mbps fibre,500,500,23.36,knowledge,SGD 1.28/USD; S$29.90/mo on 24-month contract
SGP,Singapore,M1,M1 500Mbps fibre,500,500,31.17,knowledge,SGD 1.28/USD; S$39.90/mo 12-month (S$29.90 on 24-month)
SLB,Solomon Islands,Our Telekom,Prepaid Broadband 15GB/30d,10,,10.11,https://ourtelekom.com.sb/personal/prepaid-broadband,Download speeds up to 10 Mbps; top pack SBD80/30 days; FTTP packages up to 50 Mbps exist for business (ts2.tech Aug-2025) but their prices are not published - blank; upload not published; FX SBD 7.914252
SLE,Sierra Leone,Orange Sierra Leone,,,,,https://www.orange.sl/en/b2c-internet-personal/data-bundles-monthly.html,"Orange SL sells prepaid data and home internet over mobile networks; no FTTH tier found, and fixed/LTE home offers are not published with speeds - blank rather than invented"
SLE,Sierra Leone,Africell Sierra Leone,,,,,https://www.africell.sl/services/data-bundles/,Africell SL publishes mobile data bundles (and LTE home use); no fibre tier published - blank
SLE,Sierra Leone,Qcell Sierra Leone,,,,,knowledge,Mobile operator in Sierra Leone (3G/4G); no consumer FTTH product published - blank
SLV,El Salvador,Claro,Claro Fibra 200,200,200,30,knowledge,FTTH symmetric; ~US$30 approx - VERIFY
SLV,El Salvador,Tigo,Tigo Net 200,200,,32,knowledge,HFC/fiber; ~US$32 approx - VERIFY; upload not published; only 2 significant fixed ISPs found - third row missing
SMR,San Marino,TIM San Marino,Fibra+ 200 FTTC,200,30,28.64,https://www.telecomitalia.sm,Local EUR 24.90 approx knowledge; VDSL2 profile 200/30 - nearest to 200; FX EUR=1.15
SMR,San Marino,Telenet San Marino,Fibra FTTH 500,500,500,34.39,https://www.telenet.sm,Local EUR 29.90 approx knowledge; FTTH concessionaire listed by regulator AASS; FX EUR=1.15
SMR,San Marino,TIM Italia,Premium Base FTTH nearest market,1000,300,29.79,https://www.tim.it,Nearest-market Italian operator; local EUR 25.90 standard (promo EUR 20.90); TIM FTTH tiers start at 1G; FX EUR=1.15
SOM,Somalia,Hormuud Telecom,,,,,https://en.wikipedia.org/wiki/Communications_in_Somalia,"No consumer FTTH found: home broadband is fiber-fed fixed wireless/LTE (Hormuud, Somtel, Golis, Global Internet); international fiber links (Liquid Telecom/WIOCC) are backbone only; blank over fabrication"
SRB,Serbia,Telekom Srbija (mts),Net paket 200,200,20,24.56,https://mts.rs,Local RSD 2499 approx knowledge; mts net ladder nearest to 200; FX RSD=0.00983 (117 per EUR)
SRB,Serbia,A1 Srbija,Net 300,300,150,26.53,https://a1.rs,Local RSD 2699 with e-invoice standard (RSD 3199-3249 without commitment; promo 1999); FX RSD=0.00983
SRB,Serbia,SBB,Net TV Basic+ internet 300,300,30,47.16,https://sbb.rs,Local RSD 4798 standard after 6-mo 50% promo (RSD 2399); upload not published for DOCSIS tier; FX RSD=0.00983
SSD,South Sudan,South Sudan Telecom,,,,,knowledge,State fixed incumbent; consumer FTTH tiers not published
STP,Sao Tome and Principe,CST (Companhia Santomense de Telecomunicacoes),,,,,https://www.telecomtrainer.com/list-of-mobile-operators-in-sao-tome-and-principe/,State-owned operator offering mobile voice/data (2G/3G/4G) and fixed internet; no consumer fibre tier or USD/EUR price published on a reachable page - blank; FX STN21.36=1USD (22-Sep-2026)
STP,Sao Tome and Principe,Unitel STP,,,,,http://unitel.st/tarifarios.php,"Unitel (Angolan group) subsidiary; its tariff page in this pass only exposed international call rates (Dobra per minute), no data/fibre tier - blank; FX STN21.36=1USD"
SUR,Suriname,Telesur,Telesur Fibra 300,300,300,,knowledge,Precio por confirmar; FX SRD 38.14/USD
SUR,Suriname,Digicel,Digicel Fibra 300,300,300,,knowledge,Precio por confirmar; FX SRD 38.14/USD
SUR,Suriname,DataMax,DataMax Fibra 300,300,300,,knowledge,Operador por verificar; FX SRD 38.14/USD
SVK,Slovakia,Slovak Telekom,Magio internet na optike 300,300,300,29.10,knowledge,local 24.90 EUR/mo; FX 1.17 USD/EUR
SVK,Slovakia,Orange Slovensko,Optický internet 300,300,300,25.60,knowledge,local 21.90 EUR/mo; FX 1.17 USD/EUR
SVK,Slovakia,ANTIK Telecom,ANTIK optický internet 300,300,300,15.10,https://www.antik.sk/en/pages/najlepsi-opticky-internet,local 12.90 EUR/mo; FX 1.17 USD/EUR; regional fibre operator
SVN,Slovenia,Telekom Slovenije,Net Enotna cena,1000,100,44.85,https://www.telekom.si,Local EUR 39.00 regular (promo EUR 24.99); TS net-only tier is 1G/100 - nearest available to 200; FX EUR=1.15
SVN,Slovenia,A1 Slovenija,Net maxi A1 optika,1000,100,42.54,https://www.a1.si,Local EUR 36.99 regular (promo EUR 12.99 for 24m); A1 internet-only tiers jump to 1G - nearest available to 200; FX EUR=1.15
SVN,Slovenia,Telemach Slovenia,EON NET,1000,50,50.49,https://telemach.si,Local EUR 43.90 regular after 24m (promo EUR 17.00); single 1G tier; FX EUR=1.15
SWE,Sweden,Telia,Telia Bredband 250 fiber,250,250,32.90,knowledge,local 329 SEK/mo; FX 0.10 USD/SEK
SWE,Sweden,Bahnhof,Bahnhof Fiber 100,100,100,24.90,knowledge,local 249 SEK/mo; FX 0.10 USD/SEK; tiers 100 and 1000 so 100 is the in-band pick
SWE,Sweden,Tele2 (Com Hem),Tele2 Fiber 250,250,100,29.90,knowledge,local 299 SEK/mo; FX 0.10 USD/SEK
SWZ,Eswatini,Eswatini Mobile,5G Home Internet,,,,knowledge,Ex-Swazi Mobile; commercial5G home broadband in Matsapha/Manzini; tier speeds/prices not captured
SWZ,Eswatini,MTN Eswatini,,,,,knowledge,Leading operator; residential internet/fibre offerings; tier list not captured
SYC,Seychelles,Cable & Wireless Seychelles,GigaNet Lite,500,,214,https://cwseychelles.com/giganet,"SCR2,999 incl VAT/mo; FX14.0 SCR/USD; only500/1000Mbps tiers exist so nearest-to-200 is500; 'first in Africa' FTTH claim"
SYC,Seychelles,Intelvision,BLAZE120GB,100,,57,https://intelvision.sc/internet/,SCR804 incl VAT/mo; FX14.0;120GB cap at100Mbps (tiers50/100/1000); uncapped Infinity lines sold with FUP
SYC,Seychelles,Airtel Seychelles,Smart Connect + speed booster,200,,86,https://www.nation.sc/articles/27477/airtel-seychelles-unveils-smart-connect,"SCR999 base (10Mbps) + SCR200 booster = SCR1,199/mo; FX14.0; booster up to200Mbps on4G coverage;3-month SCR2,399 option"
SYR,Syria,Syrian Telecom,Fiber Net 100,100,,,https://syria-ex.com/display_art.php?id=42609&catId=0,"FTTH Fiber Net live in 8 governorates (Damascus, Aleppo, Homs, Hama, Tartus, Latakia, Suwaida, Daraa); Al-Baath tariff Nov-2023: 8Mbps/225GB=63,000, 10M/275GB=77,000, 16M/375GB=90,000 ... 100M/1600GB=680,000 SYP/mo + 100,000 install; current 8Mbps Mini = 75,000 SYP/mo (Syrian Telecom FB); Damascus street FX 13,950 SYP/USD 22-Sep-2026 (official API rate 121.78 is stale) - tariff repeatedly revised since, USD not pinned: blank over fabrication; MoCT Barq FTTP project under RFI"
TCD,Chad,Airtel Chad,,,,,https://www.airtel.td/,Airtel Chad sells mobile data and LTE home connections; site rendered no tier/price in this pass - blank; Chad has no consumer FTTH retail offer published; FX XOF571.81=1USD
TCD,Chad,Moov Africa Chad,,,,,https://vosreponses.com/quels-sont-les-meilleurs-forfaits-internet-en-tchad/,Moov Africa (Maroc Telecom) is a fixed+mobile operator in Chad; no fixed/fibre speed tier published - blank; FX XOF571.81=1USD
TCD,Chad,Salam Mobile,,,,,https://vosreponses.com/comparer-les-operateurs-telephoniques-en-tchad/,Fourth mobile network (fixed/wireless broadband possible); no fibre tier or price published - blank; FX XOF571.81=1USD
TGO,Togo,Yas Togo (ex-Togocom),Fibre Pro Small,80,,96.19,https://gapola.tg/togocom-rend-les-offres-fibres-accessibles-a-tous/,"Consumer ladder: 10 Mbps 15,000 / Gold 25 Mbps 25,000 / Platinium 60 Mbps 30,000 / Pro Small 80 Mbps 55,000 FCFA per month; 80 Mbps is the nearest tier with a published price to 200 - Togocom/Yas also markets 200 Mbps and 300 Mbps fibre tiers for demanding/professional clients but did not publish their prices; FX XOF 571.81 = 1 USD"
TGO,Togo,Moov Africa Togo,,,,,https://moov-africa.tg/particulier/forfaits-internet-4g/,"Moov Togo sells 4G internet bundles (iZi'Large 75 Go / 30 days = 15,000 FCFA) and advertises fibre, but no fibre speed tier or FCFA price is published on a server-rendered page - blank"
TGO,Togo,Libercom,,,,,https://vosreponses.com/comparer-les-operateurs-telephoniques-en-togo/,Listed by a local comparison site as a third network with limited LTE and ~60% territory coverage; not verified as an MNO and no fibre tiers published - blank
THA,Thailand,AIS,AIS Fibre 500/500,500,500,18.15,knowledge,THB 33/USD; ฿599/mo; AIS-branded lineup starts at 500/500 (300/300 ฿499 sold only as AIS 3BB Fibre3 sub-brand)
THA,Thailand,True,True Online Standard 499,300,300,15.12,knowledge,THB 33/USD; ฿499/mo 24-month; symmetric 300/300 published
THA,Thailand,3BB,AIS 3BB Fibre3 300/300,300,300,15.12,knowledge,THB 33/USD; ฿499/mo 12-month; 3BB merged into AIS in 2023 (brand AIS 3BB Fibre3)
TJK,Tajikistan,Tajiktelecom OJSC,FTTB/GPON 100 Mbps,100,50,15.96,https://tojiktelecom.tj/en,National operator - FTTB and GPON (FTTH) access; TJS 150/mo indicative; single international gateway controls transit; FX 9.40 TJS/USD
TJK,Tajikistan,Megafon Tajikistan,Home internet 100 Mbps,100,50,12.77,https://www.telecompaper.com/news/megafon-tajikistan-doubles-fibre-coverage-in-dushanbe--1524405,FTTB in Dushanbe covering about 40000 households (coverage doubled in 2024); TJS 120/mo indicative; FX 9.40 TJS/USD
TJK,Tajikistan,Tcell,GPON fibre 100 Mbps,100,100,13.83,knowledge,GPON fibre-based fixed broadband launched in Dushanbe; TJS 130/mo indicative; FX 9.40 TJS/USD
TKM,Turkmenistan,Turkmentelekom,Residential internet 6 Mbit/s (maximum tier),6,6,80.00,https://telecom.tm/en/internet/,GENUINELY ABSENT consumer FTTH: highest published residential tier is 6 Mbit/s (280 TMT/mo city tariff; ladder 1 = 150 / 2 = 180 / 4 = 230 / 6 = 280 TMT); only fixed operator; FX 3.50 TMT/USD (official)
TLS,Timor-Leste,Timor Telecom,TT Fibra+ Ultra,200,200,150.00,https://www.timortelecom.tl/en/tt-fibra,Ultra tier up to 200Mbps = $150/mo (Max 100M = $70; Total 500M = $300); upload not published
TLS,Timor-Leste,Telemor,,,,,knowledge,No published residential FTTH tariff (mobile/fixed-wireless only); blank rather than invented
TLS,Timor-Leste,Telkomcel,,,,,knowledge,Corporate FTTH built in Dili with Telkom Access but no published residential tariff; blank rather than invented
TON,Tonga,Digicel Tonga,home/fixed broadband (Digicel Play),,,,knowledge,Digicel operates in Tonga (digicelpacific.com/mobile/to) but the Tonga site publishes mobile bundles only - no fixed/fibre plan page accessible; speeds and prices blank rather than invented
TTO,Trinidad and Tobago,Flow,Flow Fibra 200,200,,48,knowledge,~TTD 330/mo @6.8 approx - VERIFY; upload not published
TTO,Trinidad and Tobago,Digicel,Digicel Home Internet 200,200,,45,https://www.digicelgroup.com/tt/en/home-and-entertainment/internet,Price approx - VERIFY; upload not published
TTO,Trinidad and Tobago,TSTT,TSTT Fibre 200,200,,50,knowledge,Incumbent bcs (broadband arm Amplia); TATT publishes tariff schedules; price approx - VERIFY; upload not published
TUN,Tunisia,Tunisie Telecom,Forfix Fibre 200,200,30,37.43,https://mnin.tn/forfaits/tunisie-telecom,TND 109.90/mo (lineup 50=59.90 / 100=79.90 / 200=109.90 / 500=189.90 / 1G=379.90); 12-month commitment; VAT treatment not confirmed (Tunisia TVA 20%); FX 2.936 TND/USD; Topnet & Globalnet (TT ecosystem) are ADSL / business-fibre only - not padded
TUN,Tunisia,Ooredoo Tunisia,Fibre Box 200,200,,34.02,https://www.ooredoo.tn/Personal/fr/content/344-fibre-box,"TND 99.90/mo incl VAT (TTC), 24-month-commitment promo (12-mo 110.90; standard 159.90); connection fee 40 TND TTC; lineup 30/50/100/200/500/1Gbps; upload not published; FX 2.936"
TUN,Tunisia,Orange Tunisie,Fibre 100 Méga,100,,22.10,https://www.orange.tn/pages/fibre-optique,"TND 64.90/mo incl VAT, 24-mo commitment promo (69.90 at 12-mo); promo runs to 04-Oct-2026 then price reverts after 6 months to unpublished standard tariff; max tier 100 Mbps = nearest to 200; upload not published; FX 2.936"
TUR,Turkey,Turk Telekom (TTNet),TTNet Fiber 200,200,50,18.63,knowledge,Approx TRY 900/mo indicative - nearest tier to 200; FX 48.3 TRY/USD (Sep-2026)
TUR,Turkey,Turkcell Superonline,Superonline Fiber 200,200,100,20.70,knowledge,Approx TRY 1000/mo indicative; FX 48.3 TRY/USD (Sep-2026)
TUR,Turkey,Vodafone Net,Vodafone Fiber 200,200,100,17.60,knowledge,Approx TRY 850/mo indicative; FX 48.3 TRY/USD (Sep-2026)
TUV,Tuvalu,Tuvalu Telecom (TTC),Ocean 100 (45GB / 30 days),,,71.21,https://tuvalutelecom.tv/mobile-broadband-plans,"Sole operator; 4G LTE Unwired broadband plus satellite (Kacific/Starlink), no fibre; Ocean plans 20/45/100GB per 30 days at AUD50/100/200; plans are not speed-tiered - blank; FX AUD 1.404334"
TZA,Tanzania,TTCL,T-Fiber Premium Streaming,50,100,74,https://pamojacompare.com/home-internet-in-2026/,"TZS200,000/mo; FX2,700 TZS/USD; unlimited shared experience, no published cap; higher fibre tiers exist incl.150/150 and up-to250Mbps (ttcl.co.tz) - price not captured; Basic20/10 TZS55,000"
TZA,Tanzania,Vodacom Tanzania,5G Home Internet Gold Monthly,50,,56,https://pamojacompare.com/home-internet-in-2026/,"TZS150,000 per30 days; FX2,700; fixed5G/SupaKasi (not FTTH); advertised unlimited at contracted speed, no GB threshold published; up speed not published"
TZA,Tanzania,Airtel Tanzania,5G Smart Box100,100,,74,https://pamojacompare.com/home-internet-in-2026/,"TZS200,000/mo; FX2,700; fixed5G home wifi ladder10/30/50/100Mbps (nearest-200 available tier=100); no GB cap published; up speed not published"
UGA,Uganda,MTN Uganda,WakaNet Fiber entry tier,100,,30,https://nymynet.com/best-unlimited-fibre-internet-providers-in-uganda-prices-speeds-compared/,"UGX110,000/mo entry (Apr-2026); FX3,700 UGX/USD; nearest-to-200 priced tier (top tier500Mbps UGX300,000; mid tiers not priced in source)"
UGA,Uganda,Liquid Home Uganda,Platinum,100,,127,https://nymynet.com/best-unlimited-fibre-internet-providers-in-uganda-prices-speeds-compared/,"UGX469,000/mo top tier (Bronze10Mbps UGX130,000 entry); FX3,700; unlimited packages"
UGA,Uganda,Zuku (Wananchi/Yas),200Mbps tier,200,,54,https://nymynet.com/best-unlimited-fibre-internet-providers-in-uganda-prices-speeds-compared/,"UGX200,000/mo top tier exact200Mbps (entry25Mbps UGX75,000); FX3,700; Kampala/Wakiso only"
UKR,Ukraine,Ukrtelecom,Домашній інтернет 200,200,100,5.80,knowledge,local 240 UAH/mo; FX 0.024 USD/UAH; FTTH wartime street pricing
UKR,Ukraine,Kyivstar,Домашній інтернет 200,200,100,6.00,knowledge,local 250 UAH/mo; FX 0.024 USD/UAH; own fibre in major cities
UKR,Ukraine,Triolan,Інтернет 200,200,200,4.50,knowledge,local 190 UAH/mo; FX 0.024 USD/UAH; cheapest of the three
URY,Uruguay,Antel,Antel Fibra 300,300,300,,knowledge,Precio por confirmar; FX UYU 40.20/USD
URY,Uruguay,Movistar,Movistar Fibra 300,300,300,,knowledge,Precio por confirmar; FX UYU 40.20/USD
URY,Uruguay,Claro,Claro Fibra 300,300,300,,knowledge,Precio por confirmar; FX UYU 40.20/USD
USA,United States,AT&T Fiber,Fiber 300,300,300,35,https://www.att.com/internet/fiber/,Entry FTTH tier and symmetric; $35/mo is the advertised new-customer price after autopay+paperless discounts (standard rate higher)
USA,United States,Verizon Fios,Fios 300,300,300,49.99,https://www.verizon.com/fios/,Standard autopay rate plus taxes/fees; Fios tiers are 300/500/1000 so 300 is nearest to 200; no 200 Mbps tier exists
USA,United States,Spectrum,Spectrum Internet Advantage 100,100,10,30,https://www.spectrum.com/internet,HFC coax asymmetric; low tiers are 100 and 500 so 100 is numerically nearest 200; intro $30/12mo then ~$40 standard; upload 10-20Mbps depending on market - VERIFY
UZB,Uzbekistan,UZTELECOM,GPON home internet,100,50,11.24,knowledge,Approx UZS 145000/mo indicative; national GPON/FTTx operator - launched up to 10 Gbit/s home service in 2025; FX 12900 UZS/USD
UZB,Uzbekistan,Skyline,FTTx 100 Mbps,100,50,11.63,knowledge,Approx UZS 150000/mo indicative; Tashkent FTTx ISP; FX 12900 UZS/USD
UZB,Uzbekistan,TNET,Unlim 200,200,200,27.13,http://www.tnet.uz/tariffs.html,UZS 350000/mo incl. taxes - 200/200 symmetric FTTx with static IP in Tashkent (100 = 180000 / 300 = 500000); used instead of the brief's 'Servis' which could not be verified as an ISP; FX 12900 UZS/USD
VAT,Vatican City,Vatican Internet Service,Institutional FTTH,1000,1000,0.00,https://www.vaticanstate.va,Vatican City has no retail ISP - VIS is the state institutional network with no published retail tariff so price shown 0.00; speeds at nearest standard FTTH tier; knowledge
VAT,Vatican City,TIM Italia,Fibre nearest market,1000,300,29.79,https://www.tim.it,Micro-state nearest-market Italian operator; local EUR 25.90 standard; FX EUR=1.15
VAT,Vatican City,Fastweb,Casa 2.5G nearest market,2500,1000,32.14,https://www.fastweb.it,Micro-state nearest-market Italian operator; local EUR 27.95 list (EUR 23.95 with Fastweb mobile); FX EUR=1.15
VCT,Saint Vincent and the Grenadines,Flow,Flow Fibra 200,200,,47,knowledge,Price approx - VERIFY; upload not published
VCT,Saint Vincent and the Grenadines,Digicel,Digicel Home 200,200,,41,knowledge,Price approx - VERIFY; upload not published; no third fixed operator found
VEN,Venezuela,Movistar,Solucion Agil Movistar Fibra,,,40.00,https://www.movistar.com.ve/Particulares/terminos-y-condiciones-servicio-internet.html,USD de facto (tasa BCV); SAM Fibra es mejor-esfuerzo; velocidad no publicada en T&C
VEN,Venezuela,Digitel,,,,,knowledge,Sin producto FTTH residencial publicado (solo movil y fijo inalambrico)
VEN,Venezuela,Movilnet,,,,,knowledge,Movilnet es solo movil; la fibra fija la opera CANTV
VNM,Vietnam,VNPT,VNPT Home 1 300M,300,300,7.25,knowledge,VND 26200/USD; ₫190000/mo (2026 Home Net list); upload assumed symmetric (not separately published; FPT does publish 300/300)
VNM,Vietnam,FPT Telecom,FPT GiGa 300M,300,300,7.44,knowledge,VND 26200/USD; ₫195000/mo incl VAT (₫235000 inner HN/HCM); symmetric 300/300 published
VNM,Vietnam,Viettel,Viettel NETVT1 300M,300,300,8.97,knowledge,VND 26200/USD; ₫235000/mo inner HN-HCM (₫195000 across 61 provinces); upload assumed symmetric
VUT,Vanuatu,Vodafone Vanuatu (TVL),Fiber Home 30M,30,30,253.37,https://vodafone.com.vu/pages/unlimited-plans,"FTTH tiers 5/10/20/30 Mbps (symmetric) - 30 Mbps is the top/nearest tier to 200; VT30,000/mo; Digicel Vanuatu sells mobile data only; FX VUV 118.402327"
WSM,Samoa,Vodafone Samoa,Voda Fiber 149 (residential FTTH),100,25,54.89,https://vodafone.com.ws/broadband/vodafone-fibre/,"FTTH up to 100 down / 25 up, WST149/mo 500GB; business Matagi Fibre 200 Mbps exists (WST35,999/mo) but residential tiers top out at 100 - nearest to 200; FX WST 2.714332"
WSM,Samoa,Digicel Samoa,Maota $80 (home internet 100GB/28d),,,29.47,https://www.digicelpacific.com/mobile/ws/bundles,Home-internet router/MiFi bundles on 4G/5G (Maota WST80 = 100GB/28 days); no published speed tier - blank; FX WST 2.714332
YEM,Yemen,YemenNet (PTC),Fiber Platinum,100,,,https://yemenfiy.com/blog/yemen-net-fiber-ftth-packages-prices-guide/,"FTTH tiers 2026: Bronze 20Mbps/100GB, Silver 40/200GB, Gold 75/400GB, Platinum 100/800GB (Sanaa districts + Aden + expanding); nearest-to-200 = 100; reported price range 5,000-20,000 YER/mo (techmadar Feb-2025) conflicts with a second table there (34k-164.5k YER) and FX is ambiguous (YER 236.70 official vs street) - price blank over fabrication; Yemen 4G LTE fixed-wireless is a separate PTC service"
ZAF,South Africa,Vodacom,Vodacom Fibre200/200,200,200,63,https://pricesinsouthafrica.co.za/vodacom-monthly-data-fiber-package-prices-data-bundles-prepaid-rates-and-contract-plans/,"R1,129/mo symmetrical uncapped; FX18 ZAR/USD; rides Vumatel/Openserve/DFA open-access; entry R469 (20/10)"
ZAF,South Africa,MWeb,Fibre Geeks200/50,200,50,53,https://fastestfibre.co.za/200mbps-fibre-deals/,"R949/mo uncapped list price; FX18; national ISP on Fibre Geeks network; Sep-2026 market:112 tiers151-300Mbps, median R1,117, cheapest R715"
ZAF,South Africa,Vox,Frogfoot240/120,240,120,58,https://fastestfibre.co.za/200mbps-fibre-deals/,"R1,045/mo uncapped (R715 promo first3 months); FX18; national ISP on Frogfoot network"
ZMB,Zambia,Zamtel,,,,,knowledge,National telco lists fibre among products (zamtel.zm); residential FTTH tier/price list not captured
ZWE,Zimbabwe,TelOne,Fibre Bonus Speed100,100,,90,https://www.telone.co.zw/products/details/service-tariffs-effective-5-august-2025,USD incl taxes (tariffs eff.5Aug2025); top fibre tier100Mbps (ladder50/80/100 = $40/$60/$90 unlimited); all unlimited broadband has3TB FUP
ZWE,Zimbabwe,Liquid Home (ZOL),Fibroniks unlimited,,,,https://zimpricecheck.com/price-updates/internet-services/zimbabwe-online-zol-internet-prices/,Zimbabwe's largest fixed ISP (ex-ZOL); Fibroniks FTTH sold as capped + unlimited tiers under published FUP; live price feed failed Sep-2026
ZWE,Zimbabwe,Econet Wireless,SmartBiz5 (LTE home line),5,,45,https://www.techzim.co.zw/econet/smartbiz/,USD-priced fixed-wireless home/business line;5Mbps at200GB FUP then throttled (advertised as1TB; cut Jul-2025); tiers $45/$87/$167/$417 for5/10/20/50Mbps
