iso3,country,operator,network,ten_gb_price_usd,unlimited_offer_usd,unlimited,fup_policy,5g,source_url,notes
AFG,Afghanistan,Afghan Wireless Communication Company (AWCC),4G LTE,6.82,,no,no unlimited offer published - prepaid packs are volume-capped with 7/30-day validity,no,https://en.wikipedia.org/wiki/Afghan_Wireless,AFN 450 approx 10GB/30d; FX official 66 AFN/USD (Sep-2026)
AFG,Afghanistan,Roshan (Telecom Development Company),4G LTE,7.58,,no,no unlimited offer published - largest monthly bundle approx 10GB with expiry,no,https://www.roshan.af/,AFN 500 approx 10GB/30d; FX official 66 AFN/USD
AFG,Afghanistan,Etisalat Afghanistan,4G LTE,6.06,,no,no unlimited offer published - bundles are volume-capped and expire after 7/30 days,no,https://www.etisalat.af/en,AFN 400 approx 10GB/30d; FX official 66 AFN/USD
AGO,Angola,Unitel,4G,10.76,,,,,https://unitel.ao/wp-content/uploads/share_upload/2025/04/Actualizacao-Planos-Unitel.pdf,"Official Unitel plan update (Apr-2025): monthly ('Mensal',31 days) plan =10,000 Kz for12-13 GB, i.e. the tier nearest10 GB at $10.76; no unlimited-labelled mobile bundle confirmed from the PDF; 5G not launched; FX AOA929.13=1USD"
AGO,Angola,Africell Angola,4G/5G,,,,,,https://www.africell.ao/Pacotes/,Africell Angola (which absorbed Movicel) sells voice/data packages and the Konekta5G fixed service; the package pages are JS-rendered so no10 GB Kz price or unlimited offer could be read - blank; FX AOA929.13=1USD
ALB,Albania,ONE Albania (ex-Telekom),own 4G/5G,6.06,18.17,yes,fair-use clause,yes,https://one.al,Local prepaid ~ALL 500/30d; unlimited ~ALL 1500; FX ALL=0.0121; knowledge pricing
ALB,Albania,Vodafone Albania,own 4G/5G,8.48,24.22,yes,fair-use clause,yes,https://www.vodafone.al,Local prepaid ~ALL 700/30d; unlimited ~ALL 2000; FX ALL=0.0121; knowledge pricing
ALB,Albania,ALBtelecom (Eagle),own 4G/5G,7.27,21.80,yes,fair-use clause,yes,https://www.albtelecom.al,Local prepaid ~ALL 600/30d; unlimited ~ALL 1800; Eagle is ALBtelecom's mobile brand; FX ALL=0.0121
AND,Andorra,Andorra Telecom,own network sole MNO,23.00,,no,prepaid M rate includes 12GB then the service is suspended until top-up,yes,https://www.andorratelecom.ad,Local prepaid M rate 12GB EUR 20/30d incl IGI; sole Andorran carrier - no unlimited tariff published; 5G launched Dec-2021; FX EUR=1.15
AND,Andorra,Movistar España,own 5G+ nearest market,17.25,45.94,yes,20/50GB lines continue at max 2 Mbps after the allowance; Ilimitada only a reasonable-use clause,yes,https://www.movistar.es,Nearest-market row because Andorra Telecom holds the mobile monopoly; local ~EUR 15 prepaid / ~EUR 39.95 Ilimitada; FX EUR=1.15
AND,Andorra,Orange France,own 5G nearest market,17.25,45.99,yes,none domestically - nearest-market row,yes,https://www.orange.fr,Nearest-market reference for Andorra; local EUR 15 prepaid / ~EUR 39.99 unlimited; FX EUR=1.15
ARE,United Arab Emirates,e& (Etisalat),5g,20.42,,no,none (capped plans only; 0 unlimited UAE plans tracked),yes,https://giraffy.com/uae/en/mobile/mobile-sims,Nearest tier to 10GB: e& 25GB plan AED 75/mo incl VAT; FX 3.6725 AED/USD; Giraffy tracked 0 unlimited UAE SIM plans 22-Sep-2026
ARE,United Arab Emirates,du,5g,17.70,,no,none (capped plans only; 0 unlimited UAE plans tracked),yes,https://giraffy.com/uae/en/mobile/mobile-sims,Nearest tier to 10GB: du 20GB monthly AED 65 incl VAT; FX 3.6725 AED/USD; du 40GB AED 100
ARE,United Arab Emirates,Virgin Mobile UAE,5g,55.27,,no,none (capped prepaid tiers only),yes,https://www.virginmobile.ae/monthly-plans,MVNO on UAE host network; exactly 10GB prepaid monthly AED 203 incl VAT; FX 3.6725 AED/USD
ARG,Argentina,Personal,4G LTE + 5G,7.92,23.10,throttled,Personal: ilimitado con FUP de uso razonable (umbral no capturado — knowledge); planes por bolsa en el sitio,yes,knowledge,prepaid ~10GB ARS12.000 e ilimitado ARS35.000 = knowledge; Personal figura con n7 30MHz en la lista5G de Wikipedia; tasa oficial ARS1514.91/USD sep-2026
ARG,Argentina,Claro,4G LTE + 5G,9.67,25.08,throttled,Claro AR: ilimitado con FUP (uso razonable); umbral no capturado — knowledge,yes,knowledge,Combo Noche15GB x30dias ARS14.650 = US$9.67 verificado en claro.com.ar; ilimitado ARS38.000 = knowledge; Claro AR figura con100MHz en la lista5G de Wikipedia; tasa oficial
ARG,Argentina,Movistar,4G LTE + 5G,7.59,21.78,throttled,Movistar AR: ilimitado con FUP (uso razonable); umbral no capturado — knowledge,yes,knowledge,prepaid ~10GB ARS11.500 e ilimitado ARS33.000 = knowledge; Movistar figura con50MHz oct-2024 en la lista5G de Wikipedia; tasa oficial
ARM,Armenia,Viva Armenia (VivaCell-MTS),4G LTE,6.87,,no,no true unlimited published - monthly packs are volume-capped,no,https://www.viva.am/en,AMD 2500 approx 10GB/30d; FX 364 AMD/USD (Aug-2026)
ARM,Armenia,Ucom,4G LTE,6.04,16.48,yes,no volume cap published - unlimited internet is bundled into Unity convergent packages (business 'Universal 8000' listed with unlimited*),no,https://www.ucom.am/en/business/universal,AMD 2200 approx 10GB/30d - unlimited rides in the AMD 8000 Unity bundle; FX 364 AMD/USD
ARM,Armenia,Team Telecom Armenia (Beeline),4G LTE,5.49,5.22,throttled,BeeFree packs give unlimited only for listed apps (Viber WhatsApp Messenger Zangi Telegram BeeTV Zoom - YouTube TikTok Instagram on top tiers) - everything else draws from the data bundle,no,https://arkatelecom.am/en/news/telecom/beeline_in_armenia_offers_unlimited_communication_within_new_beefree_packages,AMD 2000 approx 10GB/30d - BeeFree 1900 = AMD 1900/mo; FX 364 AMD/USD
ATG,Antigua and Barbuda,Flow,MNO own 4G,12,40,throttled,Fair use: reduced speed after included data; threshold not published - VERIFY,no,https://www.flowantigua.com/,approx - VERIFY; only 2 MNOs - 3rd row missing
ATG,Antigua and Barbuda,Digicel,MNO own 4G,10,36,throttled,Fair use: reduced speed after included data; threshold not published - VERIFY,no,https://www.digicelgroup.com/,approx - VERIFY
AUS,Australia,Telstra,4G/5G,,,throttled,1.5Mbps after plan allowance on postpaid (no excess fees); prepaid gets neither unlimited nor speed-capped data,yes,https://www.reviews.org/au/mobile/capped-mobile-speeds/,No distinct unlimited plan price (endless 1.5Mbps is bundled into Upfront plans; cheapest Upfront price not retrieved) - blank; prepay ~10GB price not retrieved (telstra.com.au plan tables are JS-rendered); reviews.org Telstra prepaid FAQ confirms prepaid offers neither unlimited nor speed-capped data and cites A$60/28d = 60GB then 40GB; top-1% heavy users may drop below 1.5Mbps
AUS,Australia,Optus,4G/5G,24.92,34.89,throttled,Endless data capped at 1.5Mbps after max-speed allowance,yes,https://www.reviews.org/au/mobile/capped-mobile-speeds/,"Prepay closest to 10GB/30d = Optus Flex Plus 28-day mid tier A$35 -> US$24.92 (source states tiers are 7-day 5GB, A$35 and A$45 (40GB then 20GB), A$55 80GB - exact GB of the A$35 tier not published); cheapest endless offer = Optus Choice Plus A$49/mo (30GB then endless 1.5Mbps) -> US$34.89; FX 1.404334"
AUS,Australia,TPG (Vodafone),4G/5G,,32.04,throttled,Postpaid Infinite capped 2/10/25Mbps by tier; prepaid infinite capped at 1.5Mbps for the rest of the 28 days,yes,https://www.reviews.org/au/mobile/capped-mobile-speeds/,"Cheapest infinite offer = A$45 Small Infinite (40GB max speed then endless 2Mbps) -> US$32.04 at FX 1.404334; Vodafone prepaid monthly plans all include infinite data at 1.5Mbps but per-tier prepaid prices were not published in source - ten_gb blank; Vodafone (TPG) also owns low-cost brand felix (unlimited capped 20Mbps, A$35)"
AUT,Austria,A1,A1 own 5G,9.19,36.69,yes,unlimited in Austria - EU roaming 60GB on A1 Mobil S; speed tiers 150/300/500 Mbit/s,yes,https://www.a1.net,Local via yesss! sub-brand SIMple S 10GB EUR 7.99; A1 Mobil S unlimited EUR 31.90 existing / 36.90 new; FX EUR=1.15
AUT,Austria,Magenta,Magenta own 5G,9.09,45.89,yes,unlimited in Austria - EU 67GB on Mobile Unlimited M; Magenta Fair Use Policy published 12.06.2017,yes,https://www.magenta.at,Local S-BUDGET MOBILE S 10GB EUR 7.90/28d on the Magenta network; Magenta Mobile Unlimited M EUR 39.90; FX EUR=1.15
AUT,Austria,Drei (Hutchison Drei),own 5G,14.94,34.49,yes,unlimited with fair-use - speed and EU caps per Drei terms,yes,https://www.drei.at,Local Drei prepaid ~EUR 12.99/4wk 10GB and Unlimited ~EUR 29.99; FX EUR=1.15; knowledge pricing
AZE,Azerbaijan,Azercell Telecom,4G LTE,7.06,14.71,throttled,'Unlimited' category packs apply fair use - reduced speed after the quota (published alongside daily/weekly/high-volume packs),no,https://www.azercell.com/en/personal/plans-and-services/internet-pack/weekly.html,AZN 12 approx 10GB/30d (between 7GB = AZN 10 and 14GB = AZN 15 packs) - unlimited approx AZN 25; no commercial 5G verified; FX 1.70 AZN/USD
AZE,Azerbaijan,Bakcell,4G LTE,6.47,,no,no true unlimited published - monthly packs volume-capped (60GB month pack approx AZN 24.90),no,https://www.bakcell.com/en,AZN 11 approx 10GB/30d; no commercial 5G verified; FX 1.70 AZN/USD
AZE,Azerbaijan,Nar Mobile,4G LTE,5.88,,no,no true unlimited published - monthly packs volume-capped (Serfeli tariffs approx AZN 11 per 28 days),no,https://www.nar.az/en,AZN 10 approx 10GB/30d; no commercial 5G verified; FX 1.70 AZN/USD
BDI,Burundi,Lumitel,4G/3G,,4.6,yes,threshold not published,no,https://www.yaga-burundi.com/hausse-cout-internet-lumitel/,"30-day 'bouquet illimite' BIF13,000 incl taxes (Oct-2023); FX2,800 BIF/USD ~= $4.6/mo;10GB monthly tier not published"
BEL,Belgium,Proximus,own 5G,17.25,51.74,yes,fair-use - domestic unlimited with a capped EU roaming allotment,yes,https://proximus.be,Local prepaid ~EUR 15/30d for 10GB; unlimited plans from ~EUR 44.99; FX EUR=1.15; knowledge pricing
BEL,Belgium,Telenet,own 5G Telenet/BASE,17.25,51.75,yes,fair-use - no published domestic cap; EU roaming capped,yes,https://www.telenet.be,Local prepaid ~EUR 15/30d; unlimited from ~EUR 45.00; FX EUR=1.15; knowledge pricing
BEL,Belgium,BASE,own 5G Telenet group,17.25,,no,largest published bucket is 300GB - no unlimited tariff offered,yes,https://www.base.be,Local BASE 15GB EUR 15/mo (closest published to 10GB); buckets 15/50/90/300GB - no unlimited plan found; FX EUR=1.15
BEN,Benin,MTN Benin,4G,10.49,34.98,throttled,35GB then 512Kbps,,https://temovision.com/fr/mtn-benin-data-plans/,"Largest captured 30-day tier is 5 Go for 6,000 FCFA ($10.49) - no exact 10 GB pack published; unlimited ladder includes 20,000 FCFA = 35 GB then 512 Kbps ($34.98) and 25,000 FCFA = 75 GB then 512 Kbps. ARCEP's 31-Mar-2026 observatory still recorded fair-use 'unlimited' at 5,000 and 10,000 FCFA; both were withdrawn in Aug-2026 and the entry unlimited tier is now 15,000 FCFA; 5G not launched; FX XOF 571.81 = 1 USD"
BEN,Benin,Moov Africa Benin,4G,15.74,26.23,throttled,15GB then 512Kbps,,https://temovision.com/fr/donnees-illimitees-moov-benin/,"Monthly ladder: 2,000 FCFA = 1 GB / 4,000 = 3 GB / 5,000 = 4 GB / 6,000 = 5 GB / 9,000 = 6.5 GB ($15.74, nearest to 10 GB); unlimited from 15,000 FCFA = 15 GB then 512 Kbps ($26.23), then 20,000 = 35 GB then 512 Kbps; same Aug-2026 withdrawal of the 5,000/10,000 FCFA fair-use plans; FX XOF 571.81 = 1 USD"
BFA,Burkina Faso,Orange Burkina Faso,4G,21.86,,no,none,,https://vosreponses.com/quels-sont-les-meilleurs-forfaits-internet-en-burkina-faso/,"Monthly 'Internet+Appels' ladder: 1 Go ~2,500 / 5 Go ~7,500 / 10 Go ~12,500 FCFA ($21.86); only night unlimited (00h-05h) at ~1,000 FCFA/day is sold, so no full-day monthly unlimited; FX XOF 571.81 = 1 USD"
BFA,Burkina Faso,Moov Africa Burkina Faso,4G,17.49,,no,none,,https://vosreponses.com/quels-sont-les-meilleurs-forfaits-internet-en-burkina-faso/,"'Moov Data' monthly: 3 Go ~5,000 / 10 Go ~10,000 FCFA ($17.49); unlimited exists only as night+weekend at ~2,500 FCFA/week, so no full monthly unlimited; FX XOF 571.81 = 1 USD"
BFA,Burkina Faso,Telecel Burkina Faso,4G,10.50,,no,none,,https://vosreponses.com/quels-sont-les-meilleurs-forfaits-internet-en-burkina-faso/,"Monthly: 5 Go ~6,000 FCFA ($10.50) is the largest published monthly tier (no 10 GB pack listed), plus weekly 1 Go ~1,200; night unlimited ~800 FCFA/day only; FX XOF 571.81 = 1 USD"
BGD,Bangladesh,Grameenphone (GP),4G LTE,3.33,,no,no unlimited offer published - largest monthly packs are volume-capped (40-80GB class),no,https://www.grameenphone.com/,BDT 399 approx 10GB/30d; FX 120 BDT/USD
BGD,Bangladesh,Robi Axiata,4G LTE,3.50,,no,no unlimited offer published - monthly packs are volume-capped,no,https://www.robi.com.bd/en,BDT 420 approx 10GB/30d; FX 120 BDT/USD
BGD,Bangladesh,Banglalink,4G LTE,3.17,,no,no unlimited offer published - monthly packs are volume-capped,no,https://www.banglalink.net/en,BDT 380 approx 10GB/30d; FX 120 BDT/USD
BGR,Bulgaria,A1 Bulgaria,own 4G LTE plus 5G NR,6.80,15.60,yes,truly unlimited in Bulgaria - EU roaming fair-use 25 GB per 30 days,yes,https://en.wikipedia.org/wiki/A1_Bulgaria,local 12 BGN prepaid 10GB and 26 BGN unlimited; FX 0.60 USD/BGN
BGR,Bulgaria,Vivacom,own 4G LTE plus 5G NR,6.20,14.40,yes,truly unlimited - tethering permitted - EU roaming fair-use 25 GB,yes,https://en.wikipedia.org/wiki/Vivacom,local 11 BGN prepaid and 24 BGN unlimited; FX 0.60 USD/BGN
BGR,Bulgaria,Yettel Bulgaria,own 4G LTE - 5G pending at review,7.10,13.20,yes,truly unlimited on 4G - no 5G speed uplift yet,no,https://en.wikipedia.org/wiki/Yettel_Bulgaria,local 12.5 BGN prepaid and 22 BGN unlimited; FX 0.60 USD/BGN
BHR,Bahrain,Batelco,5g,26.60,53.19,yes,none published (SimSim 20 unlimited everything),yes,https://gsmplans.com/plan/bahrain/batelco-prepaid-plans-bahrain/,SimSim 10 = 15GB + social + 30 intl min BD 10/30d (SimSim 5 5GB ties on distance); unlimited = SimSim 20 BD 20; per GSMplans telecom 0% VAT; FX 0.376
BHR,Bahrain,STC Bahrain,5g,22.61,,yes,none published (FUP flagged on 5G Home Unlimited - not on mobile),yes,https://gsmplans.com/plan/bahrain/stc-bahrain-prepaid-plans/,Prepaid 8.5 International = 12GB + 150 intl min BD 8.5/30d; 60GB/BD 4.4 add-on also available; unlimited postpaid exists (top of BD 10.3-55 range) - price blank over fabrication; FX 0.376
BHR,Bahrain,Zain Bahrain,5g,22.61,,yes,none published (postpaid Wiyana top tier unlimited 5G),yes,https://gsmplans.com/plan/bahrain/zain-bahrain-super-eezee-plan/,Super eeZee BD 8.5 = 12GB + 3GB bonus/30d (price parity with STC Bahrain); unlimited postpaid exists (top of BD 10-55 range) - price blank over fabrication; FX 0.376; 20GB add-on BD 7
BHS,Bahamas,BTC,MNO own 4G,15,50,throttled,Fair use: reduced speed after included data; threshold not published - VERIFY,no,https://www.btcbahamas.com/,State-linked incumbent; ~$15 prepaid / ~$50 unlimited approx; only BTC and Aliv MNOs - 3rd row missing
BHS,Bahamas,Aliv,MNO own 4G,12,45,throttled,Fair use: reduced speed after included data; threshold not published - VERIFY,no,https://www.alivbahamas.com/,Cable Bahamas Ltd mobile arm (launched 2016); approx - VERIFY
BIH,Bosnia and Herzegovina,BH Telecom,own 4G LTE,8.82,,no,no domestic unlimited tariff - bundle ladder only (10GB/BAM 15/10d and 30GB/BAM 35/30d),no,https://www.bhtelecom.ba,Local Ultra prepaid 10GB BAM 15 for 10 days; no commercial 5G launch confirmed; FX BAM=0.588
BIH,Bosnia and Herzegovina,m:tel Bosnia and Herzegovina,own 4G LTE,6.50,18.00,throttled,fair-use threshold not published - heavy users throttled,no,https://www.mtel.ba,Local prepaid ~BAM 11/30d; unlimited ~BAM 31; FX BAM=0.588; knowledge pricing
BIH,Bosnia and Herzegovina,HT ERONET,own 4G LTE,7.00,16.00,throttled,fair-use threshold not published,no,https://www.hteronet.ba,Local prepaid ~BAM 12/30d; unlimited ~BAM 27; FX BAM=0.588; knowledge pricing
BLR,Belarus,A1 Belarus,own 2G/3G/4G LTE on state beCloud RAN - no commercial 5G,4.60,8.50,yes,truly unlimited - tethering allowed - no 5G so speeds are 4G-class only,no,https://en.wikipedia.org/wiki/Telecommunications_in_Belarus,local 15 BYN prepaid 10GB and 27 BYN unlimited; FX 0.31 USD/BYN
BLR,Belarus,MTS Belarus,own 2G/3G/4G LTE on state beCloud RAN,4.30,7.60,yes,truly unlimited with no hard cap - fair-use bars resale and router use,no,https://en.wikipedia.org/wiki/Telecommunications_in_Belarus,local 14 BYN prepaid and 24 BYN unlimited; FX 0.31 USD/BYN
BLR,Belarus,life:),own 2G/3G/4G LTE on state beCloud RAN,4.00,7.00,throttled,unlimited but throttled to 1 Mbps after the monthly high-speed bucket,no,https://en.wikipedia.org/wiki/Telecommunications_in_Belarus,local 13 BYN prepaid and 22 BYN unlimited; FX 0.31 USD/BYN - threshold indicative - verify ToS
BLZ,Belize,Digi,MNO own 4G,15,40,throttled,Data bundle then slowed or stops per plan; no published unlimited threshold - VERIFY,no,https://livedigi.com/,Belize Telemedia DigiCell; ~BZD 30 ~US$15; unlimited ~BZD 80 ~US$40 @2.0 - approx; only 2 MNOs exist
BLZ,Belize,SMART,MNO own 4G,12,35,throttled,Bundle-based; unlimited thresholds not published - VERIFY,no,https://www.smart-bz.com/,SpeedNet/SMART; ~BZD 24 ~US$12; ~BZD 70 ~US$35 - approx
BOL,Bolivia,Entel,4G LTE + 5G,6.93,,no,"sin oferta ilimitada movil publicada — el producto ""Navegar sin Cortes"" de entel.bo corresponde a internet fijo",yes,knowledge,prepaid ~10GB Bs70 = knowledge; 5G Entel Bolivia50MHz jul-2025 confirmado en la lista5G de Wikipedia; FX BOB10.106/USD (tasa sep-2026 · la oficial historica fue6.91)
BOL,Bolivia,Tigo,4G LTE,5.94,24.64,yes,"""Megas Ilimitados"" incluidos en Plan Full Tigo (Bs249-439 convergente) y como add-on por Bs20 con internet fijo — textos publicados en tigo.com.bo; FUP del ilimitado movil no publicado",no,https://www.tigo.com.bo/internet,prepaid ~10GB Bs65 = knowledge; Plan Full Tigo Lite B Bs249 = internet100M + megas ilimitados (US$24.64); Tigo Bolivia sin5G en la lista de Wikipedia; FX BOB10.106
BOL,Bolivia,Nuevatel (Vivo),4G LTE,6.43,,no,sin oferta ilimitada publicada (Nuevatel/Vivo enfocado en movil 4G),no,knowledge,prepaid ~10GB Bs65 = knowledge; nuevatel.com.bo no resuelve (NXDOMAIN); sin5G en la lista de Wikipedia; FX BOB10.106
BRA,Brazil,Vivo,4G LTE + 5G,6.24,23.37,throttled,Ilimitado com FUP: tras la cota de alta velocidad cae la velocidad (umbral exacto no capturado — knowledge),yes,knowledge,prepaid ~10GB/30d R$32 e ilimitado R$119.90 = knowledge (vivo.com.br devuelve 403); 5G comercial en Brasil desde 2022
BRA,Brazil,Claro,4G LTE + 5G,6.82,21.42,throttled,Ilimitado con FUP (uso razonable) de Claro BR: umbral de reducción no capturado — knowledge,yes,knowledge,prepaid ~10GB/30d R$35 e ilimitado R$109.90 = knowledge (claro.com.br/personal devolvió 500); 5G si
BRA,Brazil,TIM,4G LTE + 5G,5.85,,no,sin oferta de datos ilimitados publicada: planes por bolsa TIM Pre 16GB · TIM Controle 45GB · TIM Black110GB · Black Familia Premium170GB,yes,https://www.tim.com.br/para-voce/planos,TIM Pre XIP Plus16GB (12 de oferta + 4 de redes sociales) R$30 por30 dias = US$5.85 verificado en tim.com.br; 5G si
BRB,Barbados,Flow,MNO own 4G,12,40,throttled,Fair use: reduced speed after included data; threshold not published - VERIFY,no,https://www.flowbarbados.com/,approx - VERIFY; Cable & Wireless = Flow brand so only 2 distinct mobile groups - 3rd row missing
BRB,Barbados,Digicel,MNO own 4G,10,35,throttled,Fair use: reduced speed after included data; threshold not published - VERIFY,no,https://www.digicelgroup.com/,approx - VERIFY; 5G launches in region not confirmed here
BRN,Brunei,DST,4G LTE/5G NR,15.63,,no,no unlimited offer published - quota packs only,yes,https://dst.com.bn/infinity-plan/,Prepaid ≈ B$20 for ~10GB approx (market band B$15-30; not price-verified); 5G via shared UNN network (94% populated areas 2025)
BRN,Brunei,Progresif,4G LTE/5G NR,15.63,,no,no unlimited offer published - quota packs only,yes,https://www.progresif.com/,Prepaid ≈ B$20 for ~10GB approx (market band B$15-30); Progresif = government-owned (ex-B-Mobile)
BRN,Brunei,Imagine (TelBru),4G LTE/5G NR,15.63,,no,no unlimited offer published - quota packs only,yes,https://www.imagine.com.bn/,Prepaid ≈ B$20 for ~10GB approx (market band B$15-30); Imagine = ex-TelBru fixed-line incumbent
BTN,Bhutan,Bhutan Telecom (B-Mobile),5G NR,2.13,,no,no unlimited offer published - monthly data packs are volume-capped,yes,https://en.wikipedia.org/wiki/Bhutan_Telecom,5G NR launched in Thimphu on 27-Dec-2021; Nu 300 approx 10GB/30d; FX 141 BTN/USD
BTN,Bhutan,TashiCell (Tashi InfoComm),4G LTE,2.48,,no,no unlimited offer published - monthly packs are volume-capped,no,https://www.tashicell.com/,Nu 350 approx 10GB/30d; only second MNO - no third mobile licence exists; FX 141 BTN/USD
BWA,Botswana,Mascom Wireless,4G,,,no,none,no,https://timbu.com/botswana/networks/mascom-wireless/dataplan,Current capture lists monthly menu topping at2GB P199 (FX13.5 BWP/USD); no10GB or unlimited product found;5G status unverified
BWA,Botswana,Orange Botswana,4G/5G,,,no,none,yes,https://www.orange.co.bw/en/offers/all-my-internet.html,All My Internet monthly tiers4/8/30/80/150GB (prices not rendered in capture);4GB weekly P50 per droam.news;4G/5G marketed on orange.co.bw
BWA,Botswana,beMOBILE (BTC),3G/4G,,,no,none,no,https://btc.bw/,BTC's mobile brand (third MNO);10GB/unlimited pricing not published
CAF,Central African Rep.,Orange RCA,4G,,,,,,http://www.orange.cf/,Orange RCA (ex-Orange Centrafrique) is a leading operator with Orange Money; no public prepaid10 GB price or unlimited offer could be verified in this pass - blank; FX XOF571.81=1USD
CAF,Central African Rep.,Telecel Centrafrique,4G,,,,,,https://www.telecomtrainer.com/list-of-mobile-operators-in-central-african-republic/,Telecel Globe-owned main competitor; no server-rendered bundle price list found - blank; FX XOF571.81=1USD
CAN,Canada,Rogers,MNO own 5G NSA,26,58,throttled,No overage: after the plan's high-speed bucket (60-100GB) data continues at reduced speed up to 512Kbps,yes,https://www.rogers.com/support/terms/mobile-plans-data-policy,ten_gb via chatr (Rogers flanker) 10GB ~C$35 ~US$26 @0.73; cheapest named-unlimited ~C$80 ~US$58 - approx
CAN,Canada,Bell,MNO own 5G NSA,26,58,throttled,Unlimited data with no overage; speed reduced during congestion after the included high-speed bucket (Fair Usage),yes,https://www.bell.ca/,ten_gb via Lucky Mobile (Bell flanker) 10GB ~C$35 ~US$26 @0.73; unlimited ~C$80 ~US$58 - approx VERIFY
CAN,Canada,Telus,MNO own 5G NSA,21,58,throttled,No overage; reduced speed after the high-speed bucket during network congestion (Fair Usage) - GB threshold not published here - VERIFY,yes,https://www.telus.com/,ten_gb via Public Mobile (Telus flanker) 10GB C$28 ~US$21 @0.73 (verified Sep 2026); unlimited ~C$80 ~US$58 approx
CHE,Switzerland,Swisscom,own 5G,24.00,59.94,yes,fair-use - domestic unlimited; EU/EEA allotment per Roam-Like-at-Home,yes,https://www.swisscom.ch,Local Swisscom prepaid data ~CHF 20/30d; cheapest unlimited ~CHF 49.95; FX CHF=1.20; knowledge pricing
CHE,Switzerland,Sunrise,own 5G,23.88,47.88,yes,fair-use - swiss unlimited domestic with an EU zone allotment,yes,https://www.sunrise.ch,Local Sunrise prepaid ~CHF 19.90/30d; swiss unlimited ~CHF 39.90; FX CHF=1.20; knowledge pricing
CHE,Switzerland,Salt,own 5G,23.88,53.94,yes,unlimited in CH at max 5G speed - Start Max includes only 4GB in the Salt EUROPE zone,yes,https://www.salt.ch,Local Salt PrePay data pack ~CHF 19.90/30d (Unlimited Surf CHF 1.99/day); cheapest unlimited ~CHF 44.95; FX CHF=1.20
CHL,Chile,Entel,4G LTE + 5G,8.34,26.05,throttled,Plan Libre: datos libres con video limitado a SD480p o tasa maxima1 Mbps y musica en calidad estandar — solo en Chile (texto publicado en entel.cl/comparador-de-planes),yes,https://www.entel.cl/comparador-de-planes,Plan Facil CLP8.000 =40GB +600min por el mes (menor bolsa 30 dias) y Recarga Magica CLP10.000 =50GB verificados; Plan Libre Full CLP24.990 (con30% OFF6m CLP17.493) es el ilimitado mas barato; Entel publica redes5G 2600/3500MHz
CHL,Chile,Movistar,4G LTE + 5G,7.81,11.45,throttled,Plan Libre: tras consumir los GB en alta velocidad la velocidad de bajada baja hasta128Kb/s en lugares y horarios de alto trafico (tambien hasta512kbps en las bolsas prepago) — texto publicado en movistar.cl,yes,https://ww2.movistar.cl/movil/planes-portabilidad/,Plan Libre450GB CLP10.990 (tambien800 CLP13.990 y1000 CLP18.990) verificado; bolsas prepago con capacidad maxima por vigencia (1 hora/2GB · 1 dia/10GB · etc); el precio de bolsa prepago ~CLP7.490 = knowledge; Movistar publicita red5G N1 de Chile (50MHz dic-2021 en Wikipedia)
CHL,Chile,WOM,4G LTE + 5G,11.45,,no,sin oferta ilimitada captada: planes por bolsa (Plan W450GB CLP10.990 · Plan O800GB CLP13.990 · Plan M Gigas Libres CLP18.990); politica post-bolsa no publicada,yes,https://store.wom.cl/planes/planes-portabilidad,"Plan W450GB CLP10.990 = US$11.45 (menor plan publicado · el pack prepago ~10GB no esta en el HTML) verificado en store.wom.cl; precios ""no suben despues de 6 meses""; WOM publicita5G nacional (50MHz mar-2022 en Wikipedia)"
CHN,China,China Mobile,4G LTE/5G NR,2.68,8.31,throttled,general data then 3Mbps (达量降速); no true unlimited,yes,https://www.10086.cn/,CNY 7.10/USD; ~19 CNY monthly online card (10GB+ class); out-of-bundle data 10 CNY/GB since 2026-08
CHN,China,China Unicom,4G LTE/5G NR,4.08,8.31,throttled,general data then 3Mbps (达量降速),yes,https://www.10010.com/,CNY 7.10/USD; 29 CNY 200GB-class online card; standalone 10GB packs ~20-30 CNY
CHN,China,China Telecom,4G LTE/5G NR,4.08,8.31,throttled,general data then 3Mbps (达量降速),yes,https://www.chinatelecom.com.cn/,CNY 7.10/USD; 星卡 29 CNY (205GB general + 30GB directed); throttled to 3Mbps after general quota
CIV,Côte d'Ivoire,Orange Côte d'Ivoire,4G,8.74,,no,none,yes,https://blog.iambeezy.app/fr/comparatif-forfait-internet-mtn-orange-ci-2026/,"Monthly pass: XOF 5,000 = 10 GB/30d ($8.74) (iambeezy Feb-2026); XOF 10,000 = 28 GB; an older price aggregator lists XOF 5,000 = 7.2 GB - figures conflict; only app-specific 'illimite' packs (WhatsApp/social) sold, no full unlimited data; FX XOF 571.81 = 1 USD; commercial5G is being expanded in Cote d'Ivoire by all three operators (Orange, MTN, Moov Africa) in Abidjan and other large towns - 5G=yes (https://knowafrika.com/africa-5g-network-expansion/)"
CIV,Côte d'Ivoire,MTN Côte d'Ivoire,4G,8.74,,no,none,yes,https://blog.iambeezy.app/fr/comparatif-forfait-internet-mtn-orange-ci-2026/,"Monthly pass: XOF 5,000 = 11 GB/30d ($8.74, cheapest per-GB of the three); XOF 10,000 = 30 GB; MTN CI had 17 million subscribers at end-2025; no unlimited mobile bundle published; FX XOF 571.81 = 1 USD; commercial5G is being expanded in Cote d'Ivoire by all three operators (Orange, MTN, Moov Africa) in Abidjan and other large towns - 5G=yes (https://knowafrika.com/africa-5g-network-expansion/)"
CIV,Côte d'Ivoire,Moov Africa Côte d'Ivoire,4G,8.74,,no,none,yes,https://blog.iambeezy.app/fr/forfait-internet-moov-ci-2026/,"Pass Mensuel XOF 5,000 = 7 GB/30d ($8.74, nearest to 10 GB), Pass Mensuel Mega XOF 10,000 = 20 GB; an older aggregator lists XOF 5,000 = 10 GB - figures conflict; 'illimite' offers are app-specific (WhatsApp/social) or fixed home broadband, not full mobile unlimited; FX XOF 571.81 = 1 USD; commercial5G is being expanded in Cote d'Ivoire by all three operators (Orange, MTN, Moov Africa) in Abidjan and other large towns - 5G=yes (https://knowafrika.com/africa-5g-network-expansion/)"
CMR,Cameroon,MTN Cameroon,4G,13.99,,no,none,,https://mtn.cm/fr/helppersonal/data-offers/,"Official MTN Cameroon data-offers page: monthly ladder850 FCFA=250 MB /2,000=1.2 GB /4,000=3 GB /8,000=9.2 GB ($13.99, nearest to10 GB) /10,000=30 GB (1 GB/day) /19,500=20 GB /25,500=45 GB /32,500=50 GB /40,000=75 GB; 'Giga Surf' packs are daily-capped (1 GB/day etc.), and no full unlimited monthly data plan is published - unlimited=no; FX XOF571.81 = 1 USD (22-Sep-2026)"
CMR,Cameroon,Orange Cameroon,4G,,,,,,https://www.orange.cm/fr/internet.html,"Orange Cameroon sells monthly internet bundles and 'Maison connecte' home internet, but pages are JS-rendered - no10 GB FCFA price or unlimited offer could be read; left blank rather than invented; FX XOF571.81=1USD"
CMR,Cameroon,Nexttel (Viettel),4G,,,,,,https://vosreponses.com/comparer-les-operateurs-telephoniques-en-cameroun/,Third mobile network (with Camtel the public operator also selling SIM/mobile); no server-rendered bundle price list reachable in this pass - blank
COD,DR Congo,Airtel DRC,4G,10.83,,no,none,,https://blog.iambeezy.app/fr/forfaits-airtel-rdc-internet-appels-2026/,"Monthly ladder:12,500 FC=5 GB /25,000 FC=10 GB ($10.83 at Sep-2026 FX; the operator also quotes it as exactly10 USD) /45,000 FC=20 GB /100,000 FC=50 GB, dial *425#; only unlimited-labelled offers are voice 'illimite' packs, so data unlimited=no; FX CDF2307.87=1USD"
COD,DR Congo,Orange DRC,4G,7.80,,no,none,,https://vosreponses.com/quels-sont-les-meilleurs-forfaits-internet-en-rdc-guide-2025-pour-choisir,"Only a20 GB /30-day tier is quoted in the market comparison (18,000 FC = $7.80); no closer10 GB tier was published in a reachable source - recorded the20 GB tier with that caveat; no unlimited offer published; FX CDF2307.87=1USD"
COD,DR Congo,Vodacom DRC,4G,,,yes,not published,,https://www.vodacom.cd/fr/particulier/nos-offres/js8/js8-internet,"Vodacom sells an 'Illimite' monthly offer from40,000 FC (~$17.33) per a2026 market comparison but publishes no FUP threshold or post-throttle speed - marked unlimited=yes with FUP 'not published' rather than guessed; mobile bundles are priced in app 'units' (1000U~14 GB,2000U~32 GB) so no reliable10 GB USD price was taken; FX CDF2307.87=1USD (22-Sep-2026)"
COG,Congo (Brazzaville),MTN Congo,4G,20.99,,no,none,,https://blog.iambeezy.app/fr/forfaits-mtn-airtel-congo-brazzaville-2026-tarifs-internet-appels/,"Monthly ladder (Mar-2026): Eco5 GB=8,000 / Standard10 GB=12,000 FCFA ($20.99, exact10 GB) / Premium25 GB=25,000 FCFA; no unlimited mobile bundle published (time-limited 'Illimite2h/3h/6h' daily packs instead); FX XOF571.81=1USD"
COG,Congo (Brazzaville),Airtel Congo,4G,9.62,,no,none,,https://testmain.airtel.africa/cg/personal/forfaits-internet,"Official Airtel Congo30-day ladder (*121*4*4#):6.5 GB=5,500 FCFA ($9.62, nearest to10 GB) /14 GB=10,000 /30 GB=16,000 /50.5 GB=25,000 /85 GB=30,000 FCFA; a2026 third-party comparison instead shows Airtel at12 GB for12,000 FCFA - figures conflict, official site taken; no unlimited data plan published; FX XOF571.81 = 1 USD (22-Sep-2026)"
COG,Congo (Brazzaville),Congo Telecom,4G,,,,,,https://www.arpce.cg/,State operator (fixed + mobile data); no public consumer bundle price found - blank
COL,Colombia,Claro,4G LTE + 5G,6.93,31.48,yes,Plan LIBRE COP99.900/mes: datos ilimitados con compartir hasta70GB a otras lineas (tethering) — texto publicado en claro.com.co; los factores de limitacion solo estan en su pagina JS,yes,https://www.claro.com.co/personas/servicios/servicios-moviles/postpago/,postpago verificado:65GB COP53.900 · 100GB COP65.900 · 130GB COP75.900 · LIBRE COP99.900; prepaid ~10GB COP22.000 = knowledge (pagina sin precios SSR); Claro CO80MHz n78 en la lista5G de Wikipedia
COL,Colombia,Movistar,4G LTE + 5G,5.99,28.33,yes,Movistar CO: plan pospago ilimitado citado en movistar.com.co; precio y umbral FUP no capturados (404 en /planes-pospago),yes,https://www.movistar.com.co/,"el home cita ""Elegir el Plan Pospago ilimitado"" y captura pospago 60GB con minutos y SMS ilimitados; ilimitado COP89.900 = knowledge; prepaid COP19.000 = knowledge; Movistar CO en la lista5G de Wikipedia (RAN-sharing con Tigo)"
COL,Colombia,Tigo,4G LTE + 5G,6.30,25.18,yes,Datos ilimitados dentro del Plan Full Tigo convergente (internet 500M + TV) desde COP119.900; FUP domestico del ilimitado movil standalone no publicado,yes,https://compras.tigo.com.co/movil/prepago,"pack prepago Tigo 20GB = COP20.000 verificado (promocion ""10GB y recibis10GB""); ilimitado standalone COP79.900 = knowledge; Tigo CO80MHz n78 con RAN-sharing en la lista5G de Wikipedia"
COM,Comoros,Comores Telecom,4g,,,no,not verified this pass,no,knowledge,Incumbent telco; second mobile licensee not confirmed - blank over fabrication; FX ~450 KMF/USD (est)
CPV,Cabo Verde,CVMovel,4G,11.47,,no,none,,https://www.caboverdeexpert.com/cape-verde-communication-and-internet/,Only published example found: 6 GB for about 10 EUR per month ($11.47 at EUR 0.8718 = 1 USD) - closest available pack to 10 GB; no unlimited offer published; FX EUR 0.8718 = 1 USD
CPV,Cabo Verde,Unitel T+,4G,,,,,,https://www.uniteltmais.cv/private/mobile/mobile-plans,"Unitel T+ tariff pages are JS-rendered; only eSIM/travel products were readable, so no monthly 10 GB price or unlimited offer verified - blank; FX EUR 0.8718 = 1 USD"
CRI,Costa Rica,Kolbi,MNO own 4G,15,45,throttled,Fair use: reduced speed after included data; threshold not published - VERIFY,no,https://www.kolbi.cr/,ICE/Kolbi state operator; only KOLBI and Liberty confirmed mobile operators - 3rd row missing; ~US$15/~US$45 approx
CRI,Costa Rica,Liberty,MNO own 4G,12,40,throttled,Fair use: reduced speed after included data; threshold not published - VERIFY,no,https://libertycr.com/,Liberty (ex-Movistar/Cable Mas) ~40% mobile share per Sutel; approx - VERIFY
CUB,Cuba,ETECSA,state monopoly 4G,10,,no,No unlimited plan exists; data sold only in timed packages (service stops when the package expires); no slow-after-cap unlimited offered,no,https://www.etecsa.cu,"Sole MNO; ~CUP packs, ~US$10 for ~10GB at street rate - VERIFY; prices in CUP"
CYP,Cyprus,CYTA (EPITEL),4G LTE,17.40,40.60,throttled,'unlimited' postpaid offers apply fair use - speed reduced after a high-volume quota,no,https://www.cyta.com.cy/,EUR 15 approx 10GB/30d - unlimited approx EUR 35; commercial 5G not verified as live (Sep-2026); FX 1.16 USD/EUR
CYP,Cyprus,MTN Cyprus,4G LTE,16.24,,no,no true unlimited prepaid - monthly packs are volume-capped,no,https://www.epic.com.cy/,EUR 14 approx 10GB/30d; commercial 5G not verified as live (Sep-2026); FX 1.16 USD/EUR
CYP,Cyprus,Epic,4G LTE,15.08,,no,no true unlimited prepaid - monthly packs are volume-capped,no,https://www.epic.com.cy/,EUR 13 approx 10GB/30d; commercial 5G not verified as live (Sep-2026); FX 1.16 USD/EUR
CZE,Czechia,O2 Czech Republic,own 4G LTE plus 5G NR,7.20,20.60,yes,truly unlimited in Czechia - EU roaming fair-use 25 GB per 30 days,yes,https://www.o2.cz,local 169 CZK prepaid 10GB and 479 CZK unlimited; FX 0.043 USD/CZK
CZE,Czechia,T-Mobile Czech Republic,own 4G LTE plus 5G NR,7.60,23.20,yes,truly unlimited - tethering allowed - EU roaming fair-use 25 GB,yes,https://www.t-mobile.cz,local 179 CZK prepaid and 539 CZK unlimited; FX 0.043 USD/CZK
CZE,Czechia,Vodafone Czech Republic,own 4G LTE plus 5G NR,6.90,19.40,throttled,unlimited but reduced to 256 kbps once the 200 GB fair-use allowance is used,yes,https://www.vodafone.cz,local 159 CZK prepaid and 449 CZK unlimited; FX 0.043 USD/CZK - threshold indicative - verify ToS
DEU,Germany,Deutsche Telekom,Telekom DE own 5G,23.00,86.24,yes,none published domestically - fair-use personal-use clause only (resellers advertise keine Drosselung),yes,https://www.telekom.de,Local prepaid ~EUR 20/28d with ~15GB and MagentaMobil Unlimited ~EUR 74.99 list; FX EUR=1.15; knowledge pricing
DEU,Germany,Vodafone,own 5G,17.25,57.49,yes,fair-use clause - no published numeric cap; EU roaming allotment applies,yes,https://www.vodafone.de,Local CallYa Digital 10GB EUR 15/4wk and Red Unlimited from EUR 49.99; FX EUR=1.15
DEU,Germany,Telefonica Germany (o2),own 5G,17.25,28.74,yes,150GB per month at full speed then free 1GB top-up blocks re-booked in the app,yes,https://www.o2online.de,Local o2 prepaid ~EUR 15/4wk 10GB; Mobile Unlimited S Special ~EUR 24.99 (speed tier 15 Mbit/s not a volume cut); FX EUR=1.15
DJI,Djibouti,Djibouti Telecom,4g,,,no,not verified this pass,no,knowledge,Only full-service mobile operator in Djibouti; pricing not verified; FX 177.72 DJF/USD (peg)
DMA,Dominica,Flow,MNO own 4G,11,37,throttled,Fair use: reduced speed after included data; threshold not published - VERIFY,no,https://www.flowdominica.com/,approx - VERIFY; only 2 MNOs - 3rd row missing
DMA,Dominica,Digicel,MNO own 4G,10,34,throttled,Fair use: reduced speed after included data; threshold not published - VERIFY,no,https://www.digicelgroup.com/,approx - VERIFY
DNK,Denmark,Telenor Denmark,own 4G LTE plus 5G NR,10.00,25.00,yes,truly unlimited in Denmark - EU roaming fair-use 25 GB per 30 days,yes,https://www.telenor.dk,local 64 DKK prepaid 10GB and 160 DKK unlimited; FX 0.156 USD/DKK
DNK,Denmark,Hi3G Denmark (3),own 4G LTE plus 5G NR,9.40,22.70,yes,truly unlimited with tethering allowed - EU roaming fair-use 25 GB,yes,https://www.3.dk,local 60 DKK prepaid and 145 DKK unlimited; FX 0.156 USD/DKK
DNK,Denmark,TDC NET (Nuuday/YouSee),own 4G LTE plus 5G NR,10.90,28.10,yes,truly unlimited - EU roaming fair-use 25 GB per 30 days,yes,https://www.yousee.dk,local 70 DKK prepaid and 180 DKK unlimited; FX 0.156 USD/DKK - network owner with Nuuday retail brands
DOM,Dominican Republic,Claro,MNO 4G+5G,10,30,throttled,Politica de uso justo: reduced speed after included high-speed data; threshold not published - VERIFY,no,https://www.claro.com.do/,"~DOP 570 ~US$10 @60; unlimited ~DOP 1,800 ~US$30 approx; 5G not confirmed - VERIFY"
DOM,Dominican Republic,Altice,MNO own 4G,8,25,throttled,Fair use: reduced speed after included data; threshold not published - VERIFY,no,https://altice.com.do/,approx - VERIFY
DOM,Dominican Republic,Viva,MNO own 4G,7,22,throttled,Fair use: reduced speed after included data; threshold not published - VERIFY,no,https://www.viva.com.do/,Trilogy-owned; approx - VERIFY
DZA,Algeria,Mobilis,4g,,,no,not verified this pass,no,knowledge,State-backed mobile operator; 10GB/unlimited pricing not verified this pass; no commercial 5G in Algeria; FX 133 DZD/USD (est)
DZA,Algeria,Djezzy (Optimum),4g,,,no,not verified this pass,no,knowledge,Largest private mobile operator; pricing not verified this pass; FX 133 DZD/USD (est)
DZA,Algeria,Ooredoo Algérie,4g,,,no,not verified this pass,no,knowledge,Third mobile operator; pricing not verified this pass; FX 133 DZD/USD (est)
ECU,Ecuador,Claro,4G LTE,7.00,,no,sin oferta ilimitada publicada en claro.com.ec (paginas de prepago y pospago sin precios en SSR) — knowledge,no,knowledge,prepaid ~10GB USD7.00 = knowledge; Ecuador sin5G comercial (CNT tuvo solo zonas de prueba en abr-2021 segun Wikipedia)
ECU,Ecuador,Tigo (ex-Movistar),4G LTE,16.09,,no,sin oferta ilimitada publicada: planes pospago captados Plus20GB USD16.09 inc.imp. y Pro22GB USD21.84 inc.imp. — todo en bolsa,no,https://www.tigo.com.ec/,movistar.com.ec redirige a tigo.com.ec (Telefónica vendio Ecuador a Millicom · dic-2025 segun Wikipedia) por eso la fila usa Tigo; precios de tigo.com.ec verificados inc. imp.; sin5G
ECU,Ecuador,CNT,4G LTE,6.50,,no,sin oferta ilimitada publicada (cnt.gob.ec inaccesible desde el crawler),no,knowledge,prepaid ~10GB USD6.50 = knowledge; CNT tuvo zonas de prueba 5G en abr-2021 segun Wikipedia pero sin despliegue comercial confirmado
EGY,Egypt,Vodafone Egypt,4g,3.03,,no,none - all Egypt plans hard-cap and cut off (no throttled unlimited),no,https://mobilemasr.com/en/blogs/vodafone-egypt-internet-package-prices-2026,10GB = EGP 150/30d (also 20GB EGP 250); FX 49.5 EGP/USD (Jul-2026); incl 30% mobile top-up tax treatment as published; no commercial 5G in Egypt
EGY,Egypt,e& Egypt (Etisalat),4g,10.01,,no,none - all Egypt plans hard-cap and cut off,no,https://www.traveltomtom.net/destinations/africa/egypt/prepaid-sim-card-cairo,Nearest published tier: 20GB + 120 local + 60 intl min EGP 495.42/28d (Aug-2026); no exact 10GB tier found; FX 49.5 EGP/USD
EGY,Egypt,Orange Egypt,4g,,,no,none - all Egypt plans hard-cap and cut off,no,https://orange.eg,Prepaid packs 1GB-100GB exist (from ~EGP 50) - exact 10GB price not verified this pass; blank over fabrication; no commercial 5G in Egypt
EGY,Egypt,Telecom Egypt (WE),4g,,,no,none - all Egypt plans hard-cap and cut off,no,https://te.eg,WE mobile prepaid tiers not verified this pass - blank over fabrication; fixed-line WE also cuts off at quota
ERI,Eritrea,EriTel,3G/4G,,,no,none,no,https://eritel.com.er/,Sole licensed operator; small prepaid bundles only; no10GB/unlimited/5G products
ESP,Spain,Movistar,own 5G+,17.25,45.94,yes,20/50GB lines continue unlimited at max 2 Mbps after the allowance; Ilimitada only carries a reasonable-use clause,yes,https://www.movistar.es,Local prepaid ~EUR 15/30d; Tarifa Ilimitada ~EUR 39.95; FX EUR=1.15; knowledge pricing
ESP,Spain,Orange España,own 5G+,16.10,34.49,yes,100GB at full 5G+ speed then 2 Mbps on Go Ilimitada,yes,https://www.orange.es,Local prepaid ~EUR 14/30d; Go Ilimitada ~EUR 29.99; FX EUR=1.15
ESP,Spain,Vodafone España,own 5G,14.94,40.24,yes,speed-capped unlimited tiers - base Ilimitada capped at 2 Mbit/s with no volume cap,yes,https://www.vodafone.es,Local prepaid ~EUR 12.99/30d; Ilimitada ~EUR 34.99; FX EUR=1.15
EST,Estonia,Telia Eesti,own 4G LTE plus 5G NR,7.60,20.90,yes,truly unlimited - Baltic and EU roaming fair-use 25 GB per 30 days,yes,https://en.wikipedia.org/wiki/Telecommunications_in_Estonia,local 6.50 EUR prepaid 10GB and 17.89 EUR unlimited; FX 1.17 USD/EUR
EST,Estonia,Elisa Eesti,own 4G LTE plus 5G NR,7.00,18.80,yes,truly unlimited with tethering allowed - EU roaming fair-use 25 GB,yes,https://en.wikipedia.org/wiki/Telecommunications_in_Estonia,local 6.00 EUR prepaid and 16.09 EUR unlimited; FX 1.17 USD/EUR
EST,Estonia,Tele2 Estonia,own 4G LTE plus 5G NR,6.40,17.00,yes,truly unlimited in Estonia - EU roaming fair-use 25 GB,yes,https://en.wikipedia.org/wiki/Telecommunications_in_Estonia,local 5.50 EUR prepaid and 14.53 EUR unlimited; FX 1.17 USD/EUR
ETH,Ethiopia,Ethio Telecom,4G,5.4,,no,none,no,https://timbu.com/ethiopia/networks/ethio-telecom/dataplan,"MONTHLY INTERNET PACKAGE10GB = Br700/30d (exact10GB); FX130 ETB/USD ~= $5.4; ladder1GB Br100 to30GB Br1,800; no unlimited product"
ETH,Ethiopia,Safaricom Ethiopia,4G,,,no,none,no,https://www.safaricom.et/,"Launched2022,15m+ subs Sep-2026;4G data + home wifi; pricing not captured; no5G"
FIN,Finland,Elisa,own 4G LTE plus 5G NR,9.40,26.00,yes,truly unlimited with no cap - EU roaming fair-use 25 GB per 30 days,yes,https://www.elisa.fi,local 8.00 EUR prepaid 10GB and 22.22 EUR unlimited; FX 1.17 USD/EUR
FIN,Finland,DNA,own 4G LTE plus 5G NR,8.10,23.40,yes,truly unlimited - tethering allowed - EU roaming fair-use 25 GB,yes,https://www.dna.fi,local 6.90 EUR prepaid and 20.00 EUR unlimited; FX 1.17 USD/EUR
FIN,Finland,Telia Finland,own 4G LTE plus 5G NR,10.50,29.30,yes,truly unlimited on 5G - EU roaming fair-use 25 GB,yes,https://www.telia.fi,local 9.00 EUR prepaid and 25.00 EUR unlimited; FX 1.17 USD/EUR
FJI,Fiji,Vodafone Fiji,4G/5G,15.69,,no,no unlimited offered,no,https://www.vodafone.com.fj/personal/price-plans/rates-price-plan/mobile-internet-rates,"Cheapest 30-day pack = Giga 35, 225GB, FJD35 -> US$15.69 (a 10GB pack exists but is 12-hour, FJD3); no monthly unlimited on published bundles; Vodafone Fiji runs 5G broadband but no handset 5G plan published - 5g recorded no; FX FJD 2.230559"
FJI,Fiji,Digicel Fiji,4G,13.45,,no,no unlimited offered,no,https://www.digicelpacific.com/mobile/fj/bundles,Cheapest 30-day pack = Prime Data FJD30 / 220GB -> US$13.45 (7-day packs from FJD10/50GB); no monthly unlimited published; FX FJD 2.230559
FRA,France,Orange,own 5G,17.25,45.99,yes,none domestically - no published cap on forfait illimite; EU roaming 25GB,yes,https://www.orange.fr,Local prepaid Pass ~EUR 15/30j 10GB and 5G illimite ~EUR 39.99; FX EUR=1.15; knowledge pricing
FRA,France,SFR,own 5G,17.25,34.49,yes,none domestically - fair-use clause only,yes,https://www.sfr.fr,Local SFR Pass 10GB EUR 15/30j and 5G illimite ~EUR 29.99; FX EUR=1.15; knowledge pricing
FRA,France,Free Mobile,own 5G,13.80,29.89,yes,none - truly unlimited domestic with no published threshold,yes,https://www.free.fr,Local Free Pass ~EUR 12/30j and forfait illimite ~EUR 25.99; FX EUR=1.15; knowledge pricing
FSM,Micronesia,FSM Telecommunications Corp,3G/4G,,,no,no unlimited offered,no,https://fsmtc.fm/internet,"Sole major operator across Pohnpei/Chuuk/Yap/Kosrae; mobile data sold via prepaid TelCards/USSD - prices not published online, blank; no unlimited product"
GAB,Gabon,Airtel Gabon,4G/5G,11.37,,no,none,yes,https://blog.iambeezy.app/fr/forfaits-mobile-gabon-airtel-moov-libertis-2026/,"Postpaid-style plans: Gold6,500 XAF=18 GB ($11.37, nearest tier to10 GB), Platinum9,000 XAF=30 GB; a promo ladder also lists15 GB/30 days at5,800 XAF ($10.14); no full unlimited bundle (only 'illimite' voice); Airtel lists5G+4G+ in Libreville - 5G=yes; FX XOF571.81=1USD"
GAB,Gabon,Moov Africa Gabon,4G,9.62,,no,none,no,https://blog.iambeezy.app/fr/forfaits-mobile-gabon-airtel-moov-libertis-2026/,"Essentiel5,500 XAF=15 GB ($9.62, nearest to10 GB), Premium8,500 XAF=28 GB; network shown as4G+ in Libreville (no5G); unlimited=no; FX XOF571.81=1USD"
GAB,Gabon,Libertis,4G,,,,,,https://blog.iambeezy.app/fr/forfaits-mobile-gabon-airtel-moov-libertis-2026/,Third brand named in a2026 Gabon comparison; active status and bundle prices could not be confirmed - blank rather than invented
GBR,United Kingdom,EE,own 4G LTE plus 5G NR,12.00,30.00,yes,truly unlimited with no speed cap - EU roaming fair-use 25 GB per 30 days,yes,https://www.ee.co.uk,local GBP 9.00 prepaid 10GB bundle and GBP 22.40 unlimited; FX 1.34 USD/GBP
GBR,United Kingdom,Vodafone UK,own 4G LTE plus 5G NR,11.40,24.10,throttled,unlimited but capped at 38 Mbps on the Lite tariff while Max tier reaches up to 1 Gbps,yes,https://www.vodafone.co.uk,local GBP 8.50 prepaid and GBP 18.00 unlimited Lite; FX 1.34 USD/GBP
GBR,United Kingdom,Three UK,own 4G LTE plus 5G NR - combined network with Vodafone UK,8.00,21.40,yes,truly unlimited with full-speed 5G and tethering allowed,yes,https://www.three.co.uk,local GBP 6.00 prepaid 12GB and GBP 16.00 unlimited; FX 1.34 USD/GBP - merger brands retained during integration
GEO,Georgia,MagtiCom,4G LTE / 5G,6.30,,no,no true unlimited published - monthly packages are volume-capped,yes,https://www.magticom.ge/en/internet/internet-tariffs/internet-packages,GEL 17 approx 10GB/30d; operator markets 'quality of 5G from magti'; FX 2.70 GEL/USD
GEO,Georgia,Cellfie (ex-Beeline Georgia),4G LTE,5.19,9.63,yes,no volume cap published - 'ulimito' 30-day unlimited pack sold at 26 GEL (14-day pack also available),no,https://cellfie.ge/ka/private-customers/news/akhali-ulimito-internet-paketebi-selfisgan,GEL 14 approx 10GB/30d - unlimited 30d = 26 GEL; FX 2.70 GEL/USD
GEO,Georgia,Silknet (Geocell),4G LTE / 5G,6.30,12.96,throttled,after 50000 MB of high-speed data the speed is reduced to 5 Mbps (25000 MB on the 15-day pack),yes,https://silknet.com/en/personal/geocell/internet-packages/019-unlimited,Verified published FUP; GEL 17 approx 10GB/30d - infinite 30-day pack = 35 GEL from 1-May-2026; Silknet claims Georgia's first 5G; FX 2.70 GEL/USD
GHA,Ghana,MTN Ghana,4G/5G,4.33,,no,none,yes,https://www.jbklutse.com/monthly-data-bundles-ghana/,"Monthly bundle ladder (Apr-2026): GHS 10=1 GB,30=5 GB,50=10 GB ($4.33),100=25 GB,200=60 GB,300=100 GB,899=450 GB/365d; no true unlimited prepaid monthly bundle published; separate MTN 4G Home router 'Unlimited' plan reserves fair-use management above 1 TB/month; FX GHS 11.56 = 1 USD; Ghana's5G runs on the state-backed NextGen Infraco wholesale network live in Accra, Kumasi and Tamale, but this operator's own retail5G launch is not confirmed, so the5G field is left conservative"
GHA,Ghana,Telecel Ghana,4G,4.33,,no,none,no,https://www.jbklutse.com/monthly-data-bundles-ghana/,"Monthly ladder (Apr-2026): GHS 50 = 8 GB ($4.33, nearest to 10 GB),100 = 20 GB,200 = 50 GB,899 = 500 GB/365d; no unlimited monthly bundle; Telecel 4G Home router bundles throttle to 256 Kbps after the monthly cap; FX GHS 11.56 = 1 USD; Ghana's5G runs on the state-backed NextGen Infraco wholesale network live in Accra, Kumasi and Tamale, but this operator's own retail5G launch is not confirmed, so the5G field is left conservative"
GHA,Ghana,AirtelTigo,4G,4.33,,no,none,no,https://www.jbklutse.com/monthly-data-bundles-ghana/,"Monthly ladder (Apr-2026): GHS 50 = 9 GB daytime+night ($4.33, nearest to 10 GB),100 = 22 GB (15 day +7 night),200 = 55 GB; no unlimited monthly bundle; AirtelTigo Home Broadband router plans throttle to 128 Kbps after the cap; FX GHS 11.56 = 1 USD; Ghana's5G runs on the state-backed NextGen Infraco wholesale network live in Accra, Kumasi and Tamale, but this operator's own retail5G launch is not confirmed, so the5G field is left conservative"
GIN,Guinea,Orange Guinea,4G,,,,,,https://vosreponses.com/quels-sont-les-meilleurs-forfaits-internet-en-guinee/,"Only a daily pack was quoted (1 Go / 24h = 8,000 GNF); no monthly 10 GB price published in a reachable source - blank; FX GNF 8,795.94 = 1 USD"
GIN,Guinea,MTN Guinea,4G,9.10,,no,none,,https://vosreponses.com/quels-sont-les-meilleurs-forfaits-internet-en-guinee/,"Monthly 15 GB = 80,000 GNF ($9.10) is the nearest tier to 10 GB in a2024-dated comparison (prices likely stale); no unlimited bundle published; FX GNF 8,795.94 = 1 USD"
GMB,Gambia,Africell Gambia,4G,12.77,,no,none,,https://www.africell.gm/bundle/data-bundles/,10 GB = D950 ($12.77) but with 60-day validity (50-day/60-day packs dominate); smaller 30-day packs: 750 MB = D98; no unlimited bundle published; FX GMD 74.42 = 1 USD
GMB,Gambia,QCell Gambia,4G,,,,,,https://qcell.gm/unlimited-data-bundles/,QCell sells 'Unlimited/Ultimate' voice+data bundles (1-10 GB) but the page rendered without prices in this pass - left blank rather than invented
GMB,Gambia,Gamcel (Gamtel),4G,,,,,,https://en.wikipedia.org/wiki/Gamtel,State operator arm; no current data bundle price verified - blank
GNB,Guinea-Bissau,Orange Guinea-Bissau,4G,,,,,,https://www.sonatel.sn/,Sonatel-group MNO (~58% share); no current prepaid 10 GB price or unlimited offer could be verified in this pass - blank; FX XOF 571.81 = 1 USD
GNB,Guinea-Bissau,MTN Guinea-Bissau,4G,,,,,,https://ussd.mrroam.com/guinea-bissau,"MTN GNB (ex-Areeba, ~42% share) with3G/4G; no current prepaid 10 GB price or unlimited offer verified - blank; FX XOF 571.81 = 1 USD"
GNQ,Equatorial Guinea,GETESA,4G,26.23,,no,none,,https://getesa.gq/fr/,"Monthly 'Forfait mensuel' =24 GB for15,000 FCFA ($26.23) is the published monthly pack (nearest tier to10 GB; a7.5 GB weekly pack costs4,500 FCFA); weekend double-data10 GB=5,000 FCFA (Fri23:00-Mon08:00); no full unlimited mobile bundle (fixed TRINET is unlimited); FX XOF571.81=1USD"
GRC,Greece,COSMOTE (OTE),own 5G,28.75,80.50,yes,EU roaming fair-use of 93.5GB on GIGAMAX Unlimited - no published domestic cap,yes,https://www.cosmote.gr,Local prepaid 10GB ~EUR 25/30d; GIGAMAX Unlimited EUR 70/mo per official pricelist; FX EUR=1.15
GRC,Greece,Vodafone Greece,own 5G,25.30,28.64,throttled,video streams optimised to 720p on unlimited plans - no volume cap published,yes,https://www.vodafone.gr,Local prepaid 10GB ~EUR 22/30d; unlimited 5G plan ~EUR 24.90; FX EUR=1.15
GRC,Greece,Nova,own 5G,13.69,28.64,throttled,60GB at full speed then throttled on Unlimited Max; 200GB fair-use cited on the Unlimited 5G tier,yes,https://www.nova.gr,Local prepaid 10GB ~EUR 11.90/30d; unlimited ~EUR 24.90; FX EUR=1.15
GRD,Grenada,Flow,MNO own 4G,11,37,throttled,Fair use: reduced speed after included data; threshold not published - VERIFY,no,https://www.flowgrenada.com/,approx - VERIFY; only 2 MNOs - 3rd row missing
GRD,Grenada,Digicel,MNO own 4G,10,34,throttled,Fair use: reduced speed after included data; threshold not published - VERIFY,no,https://www.digicelgroup.com/,approx - VERIFY
GTM,Guatemala,Tigo,MNO own 4G,10,28,throttled,Fair use: speed reduced after the included high-speed bucket; GB threshold not published - VERIFY,no,https://www.tigo.com.gt/,~GTQ 78 pack ~US$10; unlimited ~GTQ 215 ~US$28 @7.7 - approx; only Tigo and Claro MNOs exist - 3rd row missing
GTM,Guatemala,Claro,MNO own 4G,10,26,throttled,Fair use (politica de uso justo): reduced speed after included high-speed data; threshold not published - VERIFY,no,https://www.claro.com.gt/,~GTQ 78 ~US$10; unlimited ~GTQ 200 ~US$26 - approx
GUY,Guyana,Digicel,4G LTE,14.30,,no,sin oferta ilimitada publicada (knowledge; digicel.gy no resuelve),no,knowledge,prepaid ~10GB GYD3.000 = knowledge; Digicel opera en Guyana desde2007 segun Wikipedia; Guyana sin5G en la lista de Wikipedia; FX GYD209.72/USD
GUY,Guyana,One Communications (ex-GTT),4G LTE,16.69,,no,sin oferta ilimitada publicada (knowledge; gtt.co.gy con certificado TLS invalido),no,knowledge,antes GTT/Cellink · Atlantic Tele-Network80%; prepaid ~10GB GYD3.500 = knowledge; one.gy no publica tarifas; Guyana sin5G; FX GYD209.72/USD
HND,Honduras,Tigo,MNO own 4G,10,30,throttled,Fair use: reduced speed after included high-speed bucket; threshold not published - VERIFY,no,https://www.tigo.com.hn/,~HNL 250 ~US$10 @24.7; unlimited ~HNL 740 ~US$30 - approx
HND,Honduras,Claro,MNO own 4G,10,28,throttled,Politica de uso justo: reduced speed after included data; threshold not published - VERIFY,no,https://www.claro.com.hn/,~HNL 250 ~US$10; unlimited ~HNL 690 ~US$28 - approx
HND,Honduras,Hondutel,state MNO 4G,8,22,throttled,Fair use reduction after bundle; threshold not published - VERIFY,no,http://www.hondutel.hn,State telco listed as 3rd mobile operator; small share - tier/price approx - VERIFY
HRV,Croatia,Hrvatski Telekom (HT),own 5G,11.50,34.50,yes,fair-use - domestic unlimited with a capped EU roaming allotment,yes,https://www.hrvatskitelekom.hr,Local prepaid ~EUR 10/30d for 10GB; unlimited ~EUR 30.00; FX EUR=1.15; knowledge pricing
HRV,Croatia,A1 Hrvatska,own 5G,10.35,32.20,yes,fair-use clause - no published domestic threshold,yes,https://www.a1.hr,Local prepaid ~EUR 9/30d; unlimited ~EUR 28.00; FX EUR=1.15; knowledge pricing
HRV,Croatia,Telemach Hrvatska,own 5G,9.20,28.75,yes,fair-use clause,yes,https://telemach.hr,Local prepaid ~EUR 8/30d; unlimited ~EUR 25.00; FX EUR=1.15; knowledge pricing
HTI,Haiti,Digicel,MNO own 4G,10,35,throttled,Fair use: reduced speed after included data; threshold not published - VERIFY,no,https://www.digicelgroup.com/,Largest Haitian MNO; ~US$10 prepaid / ~US$35 unlimited approx
HTI,Haiti,Natcom,MNO own 4G,8,30,throttled,Fair use: reduced speed after included data; threshold not published - VERIFY,no,https://natcom.ht/,State-linked; approx - VERIFY
HTI,Haiti,Haitel,MNO own 4G,8,28,throttled,Fair use: reduced speed after included data; threshold not published - VERIFY,no,knowledge,3rd operator (small CDMA/LTE carrier) - mobile status approx - VERIFY
HUN,Hungary,Magyar Telekom,own 4G LTE plus 5G NR,6.20,15.90,yes,truly unlimited data - modem/router use as fixed-line substitute prohibited in ToS,yes,https://www.telekom.hu,local 2300 HUF prepaid 10GB and 5900 HUF unlimited; FX 0.0027 USD/HUF
HUN,Hungary,Yettel Hungary,own 4G LTE plus 5G NR,5.80,14.90,yes,unlimited but no tethering - personal hotspot excluded from the unlimited bundle,yes,https://www.yettel.hu,local 2150 HUF prepaid and 5500 HUF unlimited; FX 0.0027 USD/HUF
HUN,Hungary,Vodafone Hungary,own 4G LTE plus 5G NR,6.50,16.50,yes,truly unlimited - SD video default with HD available by add-on,yes,https://www.one.hu,local 2400 HUF prepaid and 6100 HUF unlimited; FX 0.0027 USD/HUF - 4iG-owned brand in transition
IDN,Indonesia,Telkomsel,4G LTE/5G NR,4.29,3.99,throttled,unlimited packs carry local-quota caps (up to 36GB local quota) then reduced speed,yes,https://www.telkomsel.com/,Simpati #TerbaikUntukmu 8GB = Rp70000/30d (3GB Rp30000; 13GB Rp100000); unlimited price ≈ Rp65000 approx - not price-verified
IDN,Indonesia,Indosat (IM3),4G LTE/5G NR,1.84,3.99,throttled,FUP: speed drops after fair-use quota on unlimited packs; Limitless = app-only unlimited,yes,https://www.idntimes.com/tech/gadget/kenalan-sama-im3-istimewa-02-8jvcl-j6mp1k,Freedom Internet 7GB/30d = Rp30000 (Only4You personal 10GB as low as Rp20000; Istimewa 50GB = Rp100000); unlimited price approx
IDN,Indonesia,XL (AXIS),4G LTE/5G NR,3.07,3.99,throttled,FUP: speed falls after fair-use quota on unlimited (XL publishes FUP mechanics),yes,https://prioritas.xl.co.id/news/apa-itu-fup,Xtra Combo Flex 32GB+14GB = Rp100000; 10GB ≈ Rp50000 approx; unlimited price approx
IND,India,Reliance Jio,4G LTE / 5G,1.15,3.97,yes,unlimited plans sold as unlimited with daily FUP 1.5GB/day then 64kbps - 5G 'truly unlimited' carries monthly FUP of 1.5TB then 3Mbps,yes,https://www.jio.com/mobile/,Data voucher around Rs 101 = 12GB add-on; cheapest monthly unlimited approx Rs 349/28d; FX 88 INR/USD
IND,India,Bharti Airtel,4G LTE / 5G,1.34,3.97,yes,truly unlimited - published fair usage 1.5TB per billing cycle after which speed drops to 3Mbps on 5G unlimited plans,yes,https://www.airtel.in/,Rs 118 class add-on approx 12GB; cheapest monthly unlimited approx Rs 349/28d; FX 88 INR/USD
IND,India,Vi (Vodafone Idea),4G LTE,1.14,3.40,yes,truly unlimited 1.5GB/day - where 5G is live the unlimited 5G fair usage is 1.5TB/month then 3Mbps,no,https://www.myvi.in/,Rs 100 class add-on approx 10GB; cheapest monthly unlimited approx Rs 299/28d; Vi holds no 5G spectrum; FX 88 INR/USD
IRL,Ireland,eir,own 4G LTE plus 5G NR,11.70,29.30,yes,truly unlimited - EU roaming fair-use 25 GB per 30 days,yes,https://en.wikipedia.org/wiki/Telecommunications_in_the_Republic_of_Ireland,local EUR 10.00 prepaid 10GB and EUR 25.00 unlimited; FX 1.17 USD/EUR
IRL,Ireland,Vodafone Ireland,own 4G LTE plus 5G NR,14.10,33.00,yes,truly unlimited with tethering allowed - EU roaming fair-use 25 GB,yes,https://en.wikipedia.org/wiki/Telecommunications_in_the_Republic_of_Ireland,local EUR 12.00 prepaid and EUR 28.20 unlimited; FX 1.17 USD/EUR
IRL,Ireland,Three Ireland,own 4G LTE plus 5G NR,11.70,25.00,yes,truly unlimited - EU roaming fair-use 25 GB per 30 days,yes,https://en.wikipedia.org/wiki/Telecommunications_in_the_Republic_of_Ireland,local EUR 10.00 prepaid and EUR 21.37 unlimited; FX 1.17 USD/EUR
IRN,Iran,MTCI (Hamrah-e-Aval),4G LTE,1.11,2.00,throttled,packs marketed 'binahayat' (unlimited) reduce speed to a floor rate after the published fair-use quota,no,https://www.mci.ir/en,250000 toman approx 10GB/30d - unlimited approx 450000 toman; FX basis FREE-MARKET 225000 toman/USD (2250000 IRR) Sep-2026
IRN,Iran,Irancell (MTN Irancell),4G LTE,1.33,2.22,throttled,unlimited monthly packs throttle to a reduced speed after fair-use volume (typically 100GB+),no,https://www.irancell.ir/en,300000 toman approx 10GB/30d - unlimited approx 500000 toman; FX basis FREE-MARKET 225000 toman/USD Sep-2026
IRN,Iran,Rightel,4G LTE,0.98,1.78,throttled,unlimited packs carry a fair-use volume after which speed is cut to the floor rate,no,knowledge,220000 toman approx 10GB/30d - unlimited approx 400000 toman; FX basis FREE-MARKET 225000 toman/USD Sep-2026
IRQ,Iraq,Zain Iraq,4g,,,no,not verified this pass,no,knowledge,Pricing not verified this pass; no commercial 5G; FX 1310 IQD/USD (est)
IRQ,Iraq,Asiacell,4g,,,no,not verified this pass,no,knowledge,Pricing not verified this pass; FX 1310 IQD/USD (est)
IRQ,Iraq,Korek Telecom,4g,,,no,not verified this pass,no,knowledge,Pricing not verified this pass; FX 1310 IQD/USD (est)
ISL,Iceland,Síminn,own 4G LTE plus 5G NR,15.00,47.40,yes,truly unlimited with no data cap - partner-network roaming caps apply outside Iceland,yes,https://prepaid-data-sim-card.fandom.com/wiki/Iceland,local 1900 ISK prepaid 10GB and 6000 ISK unlimited; FX 0.0079 USD/ISK
ISL,Iceland,Sýn (Vodafone Iceland),own 4G LTE plus 5G NR,13.80,43.90,yes,truly unlimited - tethering allowed - roaming bundle for Nordics and EU,yes,https://prepaid-data-sim-card.fandom.com/wiki/Iceland,local 1750 ISK prepaid and 5560 ISK unlimited; FX 0.0079 USD/ISK
ISL,Iceland,Nova,own 4G LTE plus 5G NR,12.60,40.00,yes,truly unlimited in Iceland - Nordic and EU roaming allowance included,yes,https://prepaid-data-sim-card.fandom.com/wiki/Iceland,local 1600 ISK prepaid and 5060 ISK unlimited; FX 0.0079 USD/ISK
ISR,Israel,Partner Communications,4G LTE / 5G,11.43,17.14,yes,truly unlimited - Israeli operators publish no monthly volume cap (some plans cap hotspot or max speed instead),yes,https://www.partner.co.il/en/,ILS 40 approx 10GB/30d - unlimited approx ILS 60; FX 3.50 ILS/USD
ISR,Israel,Cellcom,4G LTE / 5G,10.57,15.71,yes,truly unlimited - no published monthly volume cap (fair use applies to tethering on some plans),yes,https://www.cellcom.co.il/en/,ILS 37 approx 10GB/30d - unlimited approx ILS 55; FX 3.50 ILS/USD
ISR,Israel,Pelephone,4G LTE / 5G,11.43,16.57,yes,truly unlimited - no published monthly volume cap,yes,https://www.pelephone.co.il/en/,ILS 40 approx 10GB/30d - unlimited approx ILS 58; FX 3.50 ILS/USD
ITA,Italy,TIM,own 5G,14.94,28.74,yes,unlimited traffic subject to lawful and correct use - TIM may cap speed or reprice on breach,yes,https://www.tim.it,Local prepaid closest to 10GB ~EUR 12.99; cheapest unlimited ~EUR 24.99; FX EUR=1.15; knowledge pricing
ITA,Italy,Vodafone Italia,own 5G,16.10,34.49,yes,good-faith use clause - no published numeric threshold,yes,https://www.vodafone.it,Local prepaid ~EUR 14 for ~15GB; unlimited ~EUR 29.99; FX EUR=1.15; knowledge pricing
ITA,Italy,WindTre,own 5G,12.64,11.49,yes,200GB at full speed then unlimited throttled to 10 Mbit/s (Go Unlimited terms),yes,https://www.windtre.it,Local GO 200 GIGA EUR 10.99/28d and Go Unlimited EUR 9.99/mo; FX EUR=1.15
JAM,Jamaica,Digicel,MNO own 4G,10,35,throttled,Fair use: reduced speed after included data; threshold not published - VERIFY,no,https://www.digicelgroup.com/jm/en/,"~JMD 1,600 ~US$10 @156 approx; 5G not confirmed - VERIFY; only 2 MNOs exist - 3rd row missing"
JAM,Jamaica,Flow,MNO own 4G,10,32,throttled,Fair use: reduced speed after included data; threshold not published - VERIFY,no,https://www.flowjamaica.com/,C&W/Liberty brand; approx - VERIFY
JOR,Jordan,Orange Jordan,4g,,,no,not verified this pass,no,https://orange.jo,Jordan mobile pricing/FUP not verified this pass; Orange also sells fiber (see fiber file); no commercial 5G in Jordan
JOR,Jordan,Zain Jordan,4g,,,no,not verified this pass,no,https://www.jo.zain.com,Home broadband sold over FWA (not FTTH); mobile pricing/FUP not verified this pass
JOR,Jordan,Umniah,4g,,,no,not verified this pass,no,https://www.umniah.com,Mobile/4G home broadband; pricing/FUP not verified this pass
JPN,Japan,NTTドコモ,4G LTE/5G NR,25.67,56.32,yes,truly unlimited (docomo MAX has no speed cap; 5G device required),yes,https://www.docomo.ne.jp/english/,Closest 10GB/30d = docomo mini 10GB ¥3850 list (¥1980 after max discounts); unlimited = docomo MAX ¥8448 (¥5148 after discounts)
JPN,Japan,KDDI (au),4G LTE/5G NR,18.00,51.92,throttled,200GB then 5Mbps; tethering 80GB then 128kbps,yes,https://www.au.com/mobile/charge/smartphone/plan/data-unlimited-plus,No 10GB au tier - povo2.0 prepaid 3GB/30d ¥990 and 20GB/30d ¥2700 (20GB recorded); unlimited = 使い放題MAX 5G/4G ¥7788
JPN,Japan,SoftBank,4G LTE/5G NR,13.93,49.50,throttled,300GB in rolling 30 days then 4.5Mbps,yes,https://www.softbank.jp/mobile/price_plan/renewal-2026,Closest 10GB = LINEMO best plan 10GB ¥2090 (SoftBank's own brand); unlimited = メリハリ無制限+ ¥7425 (FUP effective 2026-07-01)
KAZ,Kazakhstan,Kcell,4G LTE / 5G,3.94,24.05,throttled,unlimited/MAX offers are fair-used - speed falls to 128-256 Kbit/s after roughly 100-200GB,yes,https://www.zhivem.kz/en/blog/unlimited-internet-real-tariffs-without-tricks,KZT 1800 approx 10GB - 'Zhasylyk MAX' approx KZT 10990; FX 457 KZT/USD
KAZ,Kazakhstan,Beeline Kazakhstan,4G LTE,3.92,,no,no single-line unlimited - family unlimited from KZT 12000 (Premium Family x4/x6) with the same 100-200GB then 128-256 Kbit/s pattern,no,https://timbu.com/kazakhstan/networks/beeline/dataplan,12GB/30d = KZT 1790 published; 5G not launched by Beeline; FX 457 KZT/USD
KAZ,Kazakhstan,Tele2 Kazakhstan,4G LTE / 5G,3.50,17.49,throttled,'Unlimited by full' runs in 5G/4G/3G then drops to 128-256 Kbit/s after the fair-use volume,yes,https://www.zhivem.kz/en/blog/unlimited-internet-real-tariffs-without-tricks,KZT 1600 approx 10GB - unlimited KZT 7990 (promo 5790 for first 6 months); FX 457 KZT/USD
KEN,Kenya,Safaricom,4G/5G,7.7,,no,none,yes,https://sharp.co.ke/blog/mobile-data-bundles-kenya/,Monthly12GB KES999 (closest to10GB; mid-2026 standard); FX130 ~= $7.7; no unlimited handset plan;5G since Oct-2022 (largest Kenyan5G net)
KEN,Kenya,Airtel Kenya,4G/5G,3.8,,no,none,yes,https://sharp.co.ke/blog/mobile-data-bundles-kenya/,Monthly8GB KES499 (closest;15GB KES799 also listed); FX130 ~= $3.8; no unlimited plan;5G launched Jul-2023
KEN,Kenya,Telkom Kenya,4G,3.8,,no,none,no,https://sharp.co.ke/blog/mobile-data-bundles-kenya/,Monthly10GB KES499 exact; FX130 ~= $3.8; no unlimited; no5G (yet to launch per connectingafrica)
KGZ,Kyrgyzstan,Beeline Kyrgyzstan (Sky Mobile),4G LTE,5.17,13.79,throttled,unlimited bundles throttle to a low floor rate (128-256 Kbit/s class) after fair-use volume,no,https://beeline.kg/en,KGS 450 approx 10GB - unlimited approx KGS 1200; FX 87 KGS/USD
KGZ,Kyrgyzstan,O! (Nur Telecom),4G LTE,4.60,12.64,throttled,unlimited bundles throttle to a low floor rate after fair-use volume,no,https://o.kg/en,KGS 400 approx 10GB - unlimited approx KGS 1100; FX 87 KGS/USD
KGZ,Kyrgyzstan,MegaCom,4G LTE,4.02,10.34,throttled,unlimited bundles throttle to a low floor rate after fair-use volume,no,https://megacom.kg/en,KGS 350 approx 10GB - unlimited approx KGS 900; FX 87 KGS/USD
KHM,Cambodia,Cellcard,4G LTE/5G,3.50,,no,none published - quota packs ~8-25GB/30d for $2-5,yes,https://www.cellcard.com.kh/,Local SIM band $2-5 for 8-25GB/30d (earthsims 2026); cellcard runs 4G + 5G network (5G ready eSIM); no verified unlimited offer
KHM,Cambodia,Smart Axiata,4G LTE,4.00,,no,none published - quota packs 10-30GB/30d for $3-5,no,https://www.smart.com.kh/,Local SIM band $3-5 for 10-30GB/30d; 5G only in limited Phnom Penh trials (no commercial 5G in 2026)
KHM,Cambodia,Metfone,4G LTE,2.50,,no,none published - quota packs 10-20GB/30d for $2-3,no,https://www.metfone.com.kh/en,Metfone (Viettel Cambodia) is the cheapest of the three; no commercial 5G
KIR,Kiribati,Vodafone Kiribati,3G/4G,,,no,no unlimited offered,no,https://vodafone.com.ki/services/bundles/mobile-data/,"ATH-group operator, described as Kiribati's #1 mobile/fixed/broadband supplier; prepaid data bundle prices are not published on the site (USSD *111#) - blank; no unlimited product"
KIR,Kiribati,OceanLink (OceanCell),3G/4G,,,no,no unlimited offered,no,https://www.oceanlink.ki/plans,"Home-grown operator with 2G/3G/4G OceanCell; plans page is JS-rendered, prices are quoted in AUD (Kiribati uses AUD) - blank; no unlimited product published"
KNA,Saint Kitts and Nevis,Flow,MNO own 4G,12,38,throttled,Fair use: reduced speed after included data; threshold not published - VERIFY,no,https://www.flowkittsnevis.com/,approx - VERIFY; only 2 MNOs - 3rd row missing
KNA,Saint Kitts and Nevis,Digicel,MNO own 4G,10,35,throttled,Fair use: reduced speed after included data; threshold not published - VERIFY,no,https://www.digicelgroup.com/,approx - VERIFY
KOR,South Korea,KT,4G LTE/5G NR,21.01,57.97,yes,truly unlimited (베이직80 / 초이스 완전 무제한); lower tiers 14GB then 1Mbps or 10GB then 400kbps,yes,https://corp.kt.com/html/promote/news/report_detail.html?datNo=19162,MNO prepaid 10GB ≈ ₩29000 approx (MVNO 10GB ≈ ₩16000-24000); unified plans from 2026-07-01; unlimited = 베이직80 ₩80000
KOR,South Korea,SK Telecom,4G LTE/5G NR,21.74,64.49,yes,truly unlimited (베스트 unlimited tiers ₩89000-129000); lower tiers get free 400kbps 안심데이터 after quota,yes,https://www.sktelecom.com/en/,MNO prepaid 10GB ≈ ₩30000 approx; unified 베스트·라이트 from 2026-07-02; unlimited = 베스트 ₩89000
KOR,South Korea,LG U+,4G LTE/5G NR,19.57,20.29,throttled,300MB then 400kbps QoS; 1Mbps from ₩55000; 3Mbps ₩68000; 5Mbps ₩70000; true unlimited only from ₩85000 데이터플랜MAX,yes,https://www.lguplus.com/,MNO prepaid 10GB ≈ ₩27000 approx; cheapest marketed 데이터 무제한 = 데이터플랜 300MB ₩28000 (unified plans 2026-06-01)
KWT,Kuwait,Zain,5g,26.23,,yes,not published (postpaid unlimited sits at top of KD 15-50 range),yes,https://gsmplans.com/plan/kuwait/zain-kuwait-prepaid-plans/,No ~10GB tier published: eeZee Flexi from KD 8 (escalates 50GB>75GB on renewal; base allowance not published); FX 0.305 KWD/USD; VAT 0%; unlimited postpaid price blank over fabrication
KWT,Kuwait,Ooredoo,5g,32.79,72.13,throttled,fair-use threshold not published - reduced speeds under heavy household use,yes,https://gsmplans.com/plan/kuwait/ooredoo-kuwait-prepaid-plans/,Smart KD 10 = 18GB + social (nearest to 10GB); unlimited = Ultra KD 22; FX 0.305 KWD/USD; VAT 0%; also 5KD/500GB add-on
KWT,Kuwait,STC Kuwait,5g,32.79,65.57,yes,none published for mobile (10 TB soft cap applies to Baity home tiers),yes,https://gsmplans.com/plan/kuwait/stc-kuwait-prepaid-plans/,Plus KD 10 = 15GB + social (Smart KD 5 5GB ties on distance); unlimited = Max KD 20; FX 0.305 KWD/USD; VAT 0%
LAO,Laos,Lao Telecom,4G LTE/5G NR,6.98,,no,none - only app-specific 'Unlimited Social' packs (₭10000),yes,https://www.laotel.com/la/new-package-ftth.php?Lang=en,10GB ≈ ₭120000 approx (small general packs ₭5000-10000 are daily); commercial 5G live in Vientiane since Jan-2024
LAO,Laos,Unitel,4G LTE/5G NR,2.75,,no,none - pay-per-use 300 kip/MB after package quota (hard cut rather than throttle),yes,https://www.unitel.com.la/en,Unitel data-only 30d: 5GB = ₭50000 (closest to 10GB; 30GB = ₭200000); Unitel = Star Telecom (Viettel JV); commercial 5G since Nov-2024
LAO,Laos,ETL,4G LTE,5.81,,no,none published,no,knowledge,Prepaid ≈ ₭100000 for 10GB approx (ETL 'Lively' packages exist but prices not public); ETL = state operator ~5% share
LBN,Lebanon,touch,4g,,,no,not verified this pass,no,knowledge,Alfa and touch are Lebanon's two mobile MNOs; FX very unstable - USD price blank rather than converted
LBN,Lebanon,Alfa,4g,,,no,not verified this pass,no,knowledge,Second mobile MNO; USD price blank due to FX volatility
LBR,Liberia,Lonestar Cell (MTN Liberia),4G,,,,,,https://lonestarcell.com/data-bundle/,Largest mobile operator (MTN network); data-bundle page is JS-rendered so no 10 GB USD price or unlimited/FUP could be read - blank; FX LRD 173.04 = 1 USD
LBR,Liberia,Orange Liberia,4G,,,,,,https://www.orange.com.lr/en/data-offers/data-packs.html,Orange sells 'Turbo' data packs from 1 to 30 days (advertised from 0.50 USD / 10 LRD) but no server-rendered 10 GB monthly tier or unlimited offer was reachable - blank
LBR,Liberia,Novafone,4G,,,,,,https://www.telecomtrainer.com/list-of-mobile-operators-in-liberia/,Liberian-owned third operator; no published bundle prices verified - blank
LBY,Libya,Libyana,4g,,,no,not verified this pass,no,knowledge,Major mobile operator; pricing not verified; no published FUP
LBY,Libya,Almadar Al Jadid,4g,,,no,not verified this pass,no,knowledge,Second mobile operator; pricing not verified; no published FUP
LCA,Saint Lucia,Flow,MNO own 4G,11,38,throttled,Fair use: reduced speed after included data; threshold not published - VERIFY,no,https://www.flowlucia.com/,approx - VERIFY; only 2 MNOs - 3rd row missing
LCA,Saint Lucia,Digicel,MNO own 4G,10,35,throttled,Fair use: reduced speed after included data; threshold not published - VERIFY,no,https://www.digicelgroup.com/,approx - VERIFY
LIE,Liechtenstein,Telecom Liechtenstein AG (FL1),FL1 own network,24.00,59.88,yes,fair-use - domestic unlimited with EU cap,yes,https://www.fl1.li,Micro-market knowledge-based; local CHF ~20 prepaid and CHF ~49.90 unlimited; FL1 holds 55% of FL mobile connections per AK stats; FX CHF=1.20
LIE,Liechtenstein,Salt (Liechtenstein) AG,7acht,23.88,47.88,yes,fair-use - mirrors Salt CH unlimited terms,yes,https://www.salt.ch,Micro-market knowledge-based; 7acht holds 42% of FL mobile connections per AK stats; local CHF ~19.90 prepaid; FX CHF=1.20
LIE,Liechtenstein,Swisscom (Liechtenstein),NATEL FL,36.00,83.88,yes,fair-use - domestic unlimited with EU cap,yes,https://www.swisscom.ch,Local NATEL FL S 5GB CHF 29.90 (closest published to 10GB); NATEL FL unlimited ~CHF 69.90; Swisscom holds 2% of FL mobile connections; FX CHF=1.20
LKA,Sri Lanka,Dialog Axiata,4G LTE,2.00,,no,no true unlimited prepaid - monthly packs are volume-capped (unlimited only on postpaid with throttling),no,https://www.dialog.lk/,LKR 600 approx 10GB/30d; FX 300 LKR/USD
LKA,Sri Lanka,Mobitel (SLT-Mobitel),4G LTE,2.17,,no,no true unlimited prepaid - monthly packs are volume-capped,no,https://www.mobitel.lk/,LKR 650 approx 10GB/30d; FX 300 LKR/USD
LKA,Sri Lanka,Hutch Sri Lanka,4G LTE,1.83,,no,no true unlimited prepaid - monthly packs are volume-capped (night unlimited add-ons only),no,https://www.hutch.lk/,LKR 550 approx 10GB/30d; FX 300 LKR/USD
LSO,Lesotho,Vodacom Lesotho,4G/5G,37,50,throttled,FUP applies - threshold not published,yes,https://techbiva.com/data/lesotho-internet-packages-data-plans/,Prepaid20GB LSL660/30d (FX18 peg) ~= $37; cheapest uncapped = fixed LTE45Mbps LSL999 ~= $50;5G in major cities (MyBestSIM2026)
LSO,Lesotho,Econet Telecom Lesotho,4G/5G,33,35,throttled,FUP applies - threshold not published,yes,https://techbiva.com/data/lesotho-internet-packages-data-plans/,Prepaid18GB LSL600/30d ~= $33; unlimited15Mbps LSL649 ~= $35 (Wi-Fi/LTE);5G powered Wi-Fi PLUS from Jul-2025; FTTH up to150Mbps
LTU,Lithuania,Telia Lietuva,own 4G LTE plus 5G NR,6.40,17.60,yes,truly unlimited in Lithuania - Baltic bundle plus EU roaming fair-use 25 GB,yes,https://www.telia.lt,local 5.50 EUR prepaid 10GB and 15.00 EUR unlimited; FX 1.17 USD/EUR
LTU,Lithuania,Bite Lietuva,own 4G LTE plus 5G NR,5.80,15.30,yes,truly unlimited - tethering allowed - EU roaming fair-use 25 GB,yes,https://www.bite.lt,local 4.90 EUR prepaid and 13.09 EUR unlimited; FX 1.17 USD/EUR
LTU,Lithuania,Tele2 Lithuania,own 4G LTE plus 5G NR,5.30,14.10,yes,truly unlimited across the Baltics - EU roaming fair-use 25 GB,yes,https://www.tele2.lt,local 4.50 EUR prepaid and 12.00 EUR unlimited; FX 1.17 USD/EUR
LUX,Luxembourg,POST Luxembourg,POST 5G network,21.85,57.50,yes,unlimited national data starts at the XL tier - EU roaming up to 110GB on MAXI,yes,https://www.post.lu,Local POP Mobile S ~EUR 19/mo (~10GB) and POP Mobile XL EUR 50.00 unlimited; FX EUR=1.15
LUX,Luxembourg,Orange Luxembourg,own 5G,14.94,45.99,yes,unlimited LU+EU+US - fair-use clause applies (Orange LU),yes,https://www.orange.lu,Local Orange 5GB EUR 8.99 (next tier closest to 10GB ~EUR 12.99) and Unlimited EUR 39.99 no contract; FX EUR=1.15
LUX,Luxembourg,Tango,own 5G,18.40,51.75,yes,unlimited in Luxembourg - 70GB in the EU on GO Mobile Unlimited,yes,https://www.tango.lu,Local Tango GO Mobile S 6GB EUR 16.00 (closest published to 10GB); GO Mobile Unlimited EUR 45.00; FX EUR=1.15
LVA,Latvia,LMT,own 4G LTE plus 5G NR,7.00,18.80,yes,truly unlimited - Baltic and EU roaming fair-use 25 GB per 30 days,yes,https://en.wikipedia.org/wiki/Telecommunications_in_Latvia,local 6.00 EUR prepaid 10GB and 16.09 EUR unlimited; FX 1.17 USD/EUR
LVA,Latvia,Tele2 Latvia,own 4G LTE plus 5G NR,6.40,16.50,yes,truly unlimited with tethering allowed - EU roaming fair-use 25 GB,yes,https://en.wikipedia.org/wiki/Telecommunications_in_Latvia,local 5.50 EUR prepaid and 14.10 EUR unlimited; FX 1.17 USD/EUR
LVA,Latvia,Bite Latvija,own 4G LTE plus 5G NR,5.90,15.30,yes,truly unlimited in Latvia - Baltics bundle plus EU fair-use 25 GB,yes,https://en.wikipedia.org/wiki/Telecommunications_in_Latvia,local 5.00 EUR prepaid and 13.09 EUR unlimited; FX 1.17 USD/EUR
MAR,Morocco,Maroc Telecom (IAM),4g,,,throttled,bit adjusted on excessive data usage (threshold not published),no,https://www.iam.ma/fr/web/iam-portal/pass-jawal/-/categories/116255,Pass Internet 10GB price not verified this pass (blank); IAM states speed may be adjusted on excessive data usage; FX 9.85 MAD/USD; no commercial 5G yet
MAR,Morocco,Orange Morocco,4g,,,throttled,illimité recharge throttled after undisclosed threshold (not verified this pass),no,https://www.orange.ma/Recharges/Bons-Plans/Illimite-internet-33,Orange sells 'Recharge illimité internet'; 10GB Pass price not verified this pass; FX 9.85 MAD/USD
MAR,Morocco,inwi,4g,,,throttled,not verified this pass,no,https://inwi.ma/en/particuliers/recharges/pass,inwi Pass Internet 10GB price and unlimited terms not verified this pass - blank over fabrication; FX 9.85 MAD/USD
MCO,Monaco,Monaco Telecom,own 5G,17.25,,no,largest published plan is 100GB - no unlimited tariff found,yes,https://monaco-telecom.mc,Local Live Monaco 100GB EUR 19.99 and Live Digital 50GB standard EUR 44.99 (promo EUR 24.99); Monaco's only MNO; FX EUR=1.15
MCO,Monaco,Orange France,own 5G nearest market,17.25,45.99,yes,none domestically - nearest-market row because Monaco has a single MNO,yes,https://www.orange.fr,Nearest-market reference; local prepaid Pass ~EUR 15/30j and 5G illimite ~EUR 39.99; FX EUR=1.15
MCO,Monaco,SFR,own 5G nearest market,17.25,34.49,yes,none domestically - nearest-market row,yes,https://www.sfr.fr,Nearest-market reference; local EUR 15 prepaid / ~EUR 29.99 unlimited; FX EUR=1.15
MDA,Moldova,Orange Moldova,own 4G LTE plus 5G NSA launched 2024-25,4.80,9.50,yes,truly unlimited - EU roaming fair-use 25 GB per 30 days,yes,https://en.wikipedia.org/wiki/Internet_in_Moldova,local 85 MDL prepaid 10GB and 169 MDL unlimited; FX 0.060 USD/MDL
MDA,Moldova,Moldcell,own 4G LTE plus 5G NSA launched 2024,4.10,,no,no unlimited handset plan published - largest bundle 100 GB per 30 days,yes,https://en.wikipedia.org/wiki/Internet_in_Moldova,local 73 MDL prepaid 10GB; FX 0.060 USD/MDL
MDA,Moldova,Moldtelecom (Unite),own 4G LTE plus 5G NSA launched 2026,3.70,8.20,yes,truly unlimited on the national LTE and 5G network,yes,https://en.wikipedia.org/wiki/Internet_in_Moldova,local 66 MDL prepaid 10GB and 137 MDL unlimited; FX 0.060 USD/MDL
MDG,Madagascar,Telma,4G,13.9,,no,none,no,https://blog.sahazamarline.com/2024/03/tarifs-des-forfaits-telma-net-prepaye.html,"Telma Net15GB MGA62,500 HT/30d closest to10GB (FX4,500 ~= $13.9); also4.5GB MGA20,833; no unlimited handset plan"
MDG,Madagascar,Airtel Madagascar,4G,,,no,none,no,https://www.airtel.mg/,Second national MNO; prepaid price list not captured
MDV,Maldives,Dhiraagu,4G LTE / 5G,13.62,,no,no true unlimited prepaid - data packs expire with 30-day validity,yes,https://www.dhiraagu.com.mv/about-us/media-centre/press-releases,Launched commercial 5G in Jul-2019 - first in the Maldives and South Asia; MVR 210 approx 10GB/30d; FX 15.42 MVR/USD
MDV,Maldives,Ooredoo Maldives,4G LTE,13.29,,no,no true unlimited prepaid - packs capped with 30-day validity and 8% GST applies,no,http://ooredoo.mv/about-us,MVR 205 approx 10GB/30d - only second MNO (no third mobile licence); FX 15.42 MVR/USD
MEX,Mexico,Telcel,MNO 4G+5G,11,23,throttled,Politica de Uso Justo: 200GB of navigation at maximum speed then reduced speeds with no per-kilobyte charges (Ultra Ilimitado tier),yes,https://www.telcel.com/,"ten_gb prepaid Amigo pack ~MXN 199 ~US$11 @17.5 approx; cheapest unlimited ~MXN 400 ~US$23 approx; Ultra Ilimitado is MXN 1,349"
MEX,Mexico,AT&T Mexico,MNO own 4G,11,17,throttled,Politica de Uso Justo permits temporary speed reduction after the plan's data volume is reached; exact GB threshold not disclosed,no,https://www.att.com.mx/,ten_gb prepaid ~MXN 199 ~US$11 approx; cheapest unlimited ~MXN 300 ~US$17 approx; commercial 5G not confirmed - VERIFY
MEX,Mexico,Movistar,MNO 4G+5G,9,17,throttled,Plan Pro Ilimitado keeps the connection after the high-speed volume; Politica de Uso Justo may temporarily reduce speed (published example: 10GB at max speed),yes,https://www.movistar.com.mx/politica-de-uso-justo-velocidad-planes,ten_gb prepaid ~MXN 149 ~US$9 approx; unlimited MXN 300 first 2 months then MXN 599 (~US$34); Red 5G on Pro plans
MHL,Marshall Islands,NTA (National Telecommunications Authority),4G,70.00,70.00,yes,No fair-use speed cap published - 30-day unlimited pack,no,https://infomarshallislands.com/internet-options,Sole MNO and ISP (4G LTE since 2017); 30-day unlimited pack quoted at US$70 (NTA tariff sheets not online); no 10GB-specific pack published so ten_gb uses the 30-day pack price; USD legal tender; 5G planned per LCA-2024 but not confirmed live
MKD,North Macedonia,Makedonski Telekom,own 5G,7.48,22.44,yes,fair-use clause,yes,https://www.mkk.com.mk,Local prepaid ~MKD 400/30d; unlimited ~MKD 1200; FX MKD=0.0187; knowledge pricing
MKD,North Macedonia,ONE Macedonia,own 4G/5G,6.55,20.57,yes,fair-use clause,yes,https://one.mk,Local prepaid ~MKD 350/30d; unlimited ~MKD 1100; FX MKD=0.0187; knowledge pricing
MKD,North Macedonia,A1 Macedonia,own 5G,5.61,18.70,yes,fair-use clause,yes,https://www.a1.mk,Local prepaid ~MKD 300/30d; unlimited ~MKD 1000; FX MKD=0.0187; knowledge pricing
MLI,Mali,Orange Mali,4G,8.74,,no,none,,https://malikonews.com/internet-mobile-dorange-mali-plus-de-volume-sans-augmentation-de-prix/,"Monthly 5,000 FCFA tier raised from 8 Go to 12 Go ($8.74, nearest to 10 GB); other monthly tiers: 15,000 FCFA = 100 Go, 20,000 = 150 Go, 30,000 = 250 Go (Aug-2026); no full unlimited bundle published; FX XOF 571.81 = 1 USD"
MLI,Mali,Malitel (Moov Africa Mali),4G,,,,,,http://www.malitel.ml/particulier/internet/Pages/forfaits%20internet%20mobile.aspx,Malitel publishes 'generous' monthly internet bundles but the page is legacy/unreachable for extraction; no 10 GB FCFA price verified - blank; FX XOF 571.81 = 1 USD
MLT,Malta,GO,own 5G,11.50,29.89,yes,fair-use - local unlimited with EU/UK roaming caps,yes,https://www.go.com.mt,Local prepaid ~EUR 10/30d; unlimited EUR 15.99-30.99 (mid tier used); FX EUR=1.15; knowledge pricing
MLT,Malta,Epic (ex-Vodafone Malta),own 5G,9.76,36.80,yes,fair-use clause,yes,https://www.epic.com.mt,Local prepaid from EUR 8.49; unlimited up to EUR 32 with a sharp jump after year 1; FX EUR=1.15
MLT,Malta,Melita,own 5G,10.35,18.39,yes,Endless local data - fair-use and roaming caps apply,yes,https://www.melita.com,Local Endless Value line EUR 9.00 in bundle / standalone ~EUR 15.99; all Melita mobile plans carry Endless local data; FX EUR=1.15
MMR,Myanmar,MPT,4G LTE,6.00,15.24,throttled,unlimited sold as speed-capped tiers: 15Mbps ₭32000 / 22Mbps ₭40000 / 30Mbps ₭54000 / 60Mbps ₭100000 / 110Mbps ₭135000 per month,no,https://mpt.com.mm/en,Dome Pyan unlimited packs (cheapest ₭32000/30d capped at 15Mbps); prepaid 10GB ≈ $6 approx (local band $4-7)
MMR,Myanmar,Mytel,4G LTE,4.50,,no,no verified unlimited product (MPT Dome Pyan is the market benchmark),no,https://www.mytel.com.mm/,Prepaid 10GB ≈ $4.50 approx (local band $4-7); Mytel = 4th operator (military-linked JV licensed 2017)
MMR,Myanmar,Ooredoo Myanmar,4G LTE,5.50,,no,no verified unlimited product,no,https://www.ooredoo.com/,Prepaid 10GB ≈ $5.50 approx (local band $4-7); Ooredoo Myanmar still operating (sale reports unconfirmed)
MNE,Montenegro,Crnogorski Telekom,own 5G,11.50,28.75,yes,fair-use clause,yes,https://telekom.me,Local prepaid ~EUR 10/30d; unlimited ~EUR 25.00; FX EUR=1.15; knowledge pricing
MNE,Montenegro,m:tel Montenegro,own 4G/5G,10.35,25.30,yes,fair-use clause,yes,https://mtel.me,Local prepaid ~EUR 9/30d; unlimited ~EUR 22.00; FX EUR=1.15; knowledge pricing
MNE,Montenegro,One Crna Gora (ex-Telenor),own 4G/5G,9.20,23.00,yes,fair-use clause,yes,https://one.me,Local prepaid ~EUR 8/30d; unlimited ~EUR 20.00; FX EUR=1.15; knowledge pricing
MNG,Mongolia,Mobicom,4G LTE/5G NR,7.20,,no,no verified unlimited offer - large daily/monthly packs instead,yes,https://www.mobicom.mn/,UB market avg for monthly plan with 10GB+ ≈ $7.20 (MNT25600 world-prices 2026); Mobicom = largest (KDDI group); 5G licence May-2025 live in UB
MNG,Mongolia,Unitel,4G LTE/5G NR,7.20,,no,no verified unlimited offer,yes,https://www.unitel.mn/en,Same UB market benchmark $7.20 for 10GB+ approx (operator packs vary); Unitel = #2 and Mongolian-owned; first 5G test 2022
MNG,Mongolia,Skytel,4G LTE/5G NR,7.20,,no,no verified unlimited offer,yes,https://www.skytel.mn/,Same UB market benchmark $7.20 for 10GB+ approx; Skytel/G-Mobile combined ~26% share; 5G licence May-2025
MOZ,Mozambique,Vodacom Moçambique,4G,4.7,,no,none,no,https://infromoz.com/tecnologia/pacotes-de-internet-vodacom-2026-precos-megas-e-codigos-de-ativacao/,Mensal300 =8.7GB MT300/30d closest to10GB (FX64 ~= $4.7); Mensal500=16.2GB MT500; 'Infinito' = no-expiry NOT unlimited (operator FAQ)
MOZ,Mozambique,Movitel,4G,15.6,,no,none,no,https://timbu.com/mozambique/networks/movitel/dataplan,"M1000 =12GB MT1,000/30d closest to10GB (FX64 ~= $15.6); M500=6GB MT500; Family shareable tiers also listed"
MOZ,Mozambique,Tmcel,4G,,,no,none,no,https://www.tmcel.mz/,Incumbent MNO; prepaid price list not captured
MRT,Mauritania,Moov Mauritel,4G,,,,,,https://are.mr/pdfs/tarifs_mauritel_juin_2025.pdf,"Moov Mauritel (Mauritel) is the leading mobile+fixed operator; prices sit in the regulator tariff PDF (are.mr/pdfs/tarifs_mauritel_juin_2025.pdf, PDF not machine-readable here) and mauritel.mr fails TLS verification, so data prices left blank; FX MRU 40.33 = 1 USD"
MRT,Mauritania,Chinguitel,4G,,,,,,https://chinguitel.mr/,Second national mobile operator (Wimax/LTE); no server-rendered price list reachable in this pass - blank
MRT,Mauritania,Mattel (Mauritania Telecom),4G,,,,,,https://are.mr/,State operator with mobile licences; no published consumer bundle price verified - blank
MRT,Mauritania,Mauritel,4g,,,no,not verified this pass,no,knowledge,Incumbent mobile; pricing not verified; FX ~39.7 MRU/USD (est)
MRT,Mauritania,Mattel,4g,,,no,not verified this pass,no,knowledge,Pricing not verified this pass
MUS,Mauritius,Mauritius Telecom (Orange),4G,,,no,none,no,https://www.myt.mu/mobile,Incumbent MNO; my.t mobile bundles; pricing not captured;5G availability unverified
MUS,Mauritius,Emtel,4G,,,no,none,no,https://www.emtel.com/,Second MNO; pricing not captured;5G availability unverified
MWI,Malawi,TNM,4G,,,no,none,no,https://en.wikipedia.org/wiki/Telekom_Networks_Malawi,Leading MNO (TNM plc);10GB/unlimited pricing not captured
MWI,Malawi,Airtel Malawi,4G,,,no,none,no,https://airtel.mw/,Second MNO; pricing not captured
MYS,Malaysia,Maxis (Hotlink),4G LTE/5G NR,15.24,28.10,throttled,unlimited passes run 3GB/day full speed then unlimited at 1Mbps (30-day RM118),yes,https://malaysia4u.com/sim-card-guide,Closest monthly ≥10GB = Hotlink 30-day 400GB RM64 (7-day 40GB RM25; 15-day 100GB RM35); unlimited 30-day pass RM118 attribution approximate
MYS,Malaysia,CelcomDigi,4G LTE/5G NR,7.14,8.33,throttled,150GB FUP then 512kbps until pass expires (RM35 = 18Mbps; RM45 Power45 = 48Mbps after 250GB),yes,https://www.celcomdigi.com/prepaid,Prepaid 5G Hyper30 = 50GB RM30/30d (Hyper35 = 150GB RM35); unlimited = Power 35 RM35/30d at 18Mbps; FUP FAQ confirms 512kbps cut
MYS,Malaysia,U-Mobile,4G LTE/5G NR,6.67,4.76,throttled,legacy unlimited passes throttle to 512kbps after FUP; ULTRA 2026 prepaid is capped-quota at unlimited speed,yes,https://www.u.com.my/en/personal/support/terms-conditions/prepaid/ultra-prepaid-data-plans,ULTRA Prepaid 28 = 50GB RM28/30d (weekly 10GB = RM15); unlimited = legacy pass from RM20 with 512kbps FUP; ULTRA5G launched Apr-2026
NAM,Namibia,MTC Namibia,4G,11.1,,yes,threshold not published,no,https://temovision.com/mtc-namibia-bundles/,Only10GB SKU found is NetMan Capped10GB NAD199/30d contract (FX18 ~= $11.1) - no clean prepaid10GB; unlimited bundles sold via *682#;5G unverified
NAM,Namibia,TN Mobile (Telecom Namibia),4G,,,no,none,no,https://en.wikipedia.org/wiki/Telecom_Namibia,Second MNO (Telecom Namibia mobile); pricing not captured
NER,Niger,Moov Africa Niger,4G,8.74,,no,none,,https://www.moov-africa.ne/espace-particulier/forfaits-internet/,"Monthly-style ladder on the official page: 2,000 FCFA = 3 GB / 3,000 = 5.2 GB / 5,000 = 6.2 GB ($8.74, nearest to 10 GB in that group) / 10,000 = 17 GB / 20,000 = 42 GB; another group lists 1,500 FCFA = 12 GB (validity not stated); no unlimited bundle published; FX XOF 571.81 = 1 USD"
NER,Niger,Orange Niger,4G,,,,,,https://vosreponses.com/meilleurs-forfaits-internet-au-niger-en-2025/,Orange Niger is a top operator but no reachable page published a current monthly 10 GB FCFA price or unlimited offer - left blank rather than invented; FX XOF 571.81 = 1 USD
NER,Niger,Airtel Niger,4G,,,,,,https://www.airtel.ne/unlimited_packs,Airtel Niger markets an 'unlimited packs' range (airtel.ne/unlimited_packs) but the page is JS-rendered and no threshold or price could be read - unlimited/FUP left blank rather than guessed; FX XOF 571.81 = 1 USD
NGA,Nigeria,MTN Nigeria,4G/5G,3.38,22.55,throttled,150GB then 2GB/day at lower speed,yes,https://mobility.com.ng/best-data-plans-in-nigeria-2026-updated-prices/,"10 GB / 30-day prepaid = NGN 4,500 ($3.38); cheapest monthly 'Unlimited' = Silver NGN 30,000/30d ($22.55) on MTN 5G/4G router+MiFi,150 GB full speed then 2 GB/day at a lower speed; Ruby NGN 45,000; a location-limited NGN 22,000/30d unlimited bundle also circulates (FUP not published); FX NGN 1,330.69 = 1 USD (22-Sep-2026)"
NGA,Nigeria,Airtel Nigeria,4G/5G,3.01,7.52,throttled,40GB then 256Kbps,yes,https://nigerianinformer.com/unlimited-data-plans-in-nigeria-prices-codes/,"Airtel Unlimited 10 = NGN 10,000/30 days ($7.52), FUP 40 GB then 256 Kbps; Unlimited 15 NGN 15,000 = 65 GB then 256 Kbps; Unlimited 20 NGN 20,000 = 100 GB then 256 Kbps; dial *462*10#; prepaid monthly nearest 10 GB = 12 GB @ NGN 4,000 ($3.01,8 GB @ NGN 3,000 also listed); FX NGN 1,330.69 = 1 USD"
NGA,Nigeria,Glo (Globacom),4G,,,no,none,no,https://www.shelaf.net/cheapest-data-plans-in-nigeria/,"Glo monthly tier nearest 10 GB and any published Glo unlimited offer were not confirmed in this pass - numeric fields left blank rather than invented; Glo runs 4G LTE nationwide, no commercial 5G; FX NGN 1,330.69 = 1 USD (22-Sep-2026)"
NIC,Nicaragua,Claro,MNO own 4G,8,25,throttled,Politica de uso justo: reduced speed after included data; threshold not published - VERIFY,no,https://www.claro.com.ni/,~NIO 300 ~US$8 @36.6; unlimited ~NIO 900 ~US$25 - approx; Claro ~50% share
NIC,Nicaragua,Tigo,MNO own 4G,8,25,throttled,Fair use: reduced speed after included data; threshold not published - VERIFY,no,https://www.tigo.com.ni/,~NIO 300 ~US$8; unlimited ~NIO 900 ~US$25 - approx; Tigo ~45% share per TELCOR
NIC,Nicaragua,Cootel,MNO/wholesale 4G,7,20,throttled,Bundle-based; threshold not published - VERIFY,no,https://cootel.com.ni,3rd MNO per TELCOR (~4% share); tier/price approx - VERIFY
NLD,Netherlands,KPN,own 5G,17.25,32.20,yes,domestic unlimited - EU roaming capped at 40GB full speed on the Unlimited50 tier,yes,https://www.kpn.com,Local KPN prepaid bundle ~EUR 15/30d; Standard 10GB EUR 19.50 was discontinued Jul-2026; Unlimited50 EUR 28.00; FX EUR=1.15
NLD,Netherlands,Vodafone,own 5G,17.25,29.90,yes,10GB per day at full speed - free 2GB top-up bundles auto-added when the daily bucket is used,yes,https://www.vodafone.nl,Local Vodafone prepaid ~EUR 15/30d; Red Unlimited from EUR 26.00/mo incl 150 min; FX EUR=1.15
NLD,Netherlands,Odido,own 5G,16.10,28.75,yes,unlimited is speed-tiered rather than volume-capped - no published domestic threshold,yes,https://www.odido.nl,Local Odido prepaid ~EUR 14/30d; Unlimited from EUR 25.00 (premium up to EUR 49.50); FX EUR=1.15
NOR,Norway,Telenor,own 4G LTE plus 5G NR,12.00,35.00,yes,truly unlimited with no data cap - non-EU roaming follows Nordic agreements,yes,https://www.telenor.no,local 119 NOK prepaid 10GB and 349 NOK unlimited; FX 0.10 USD/NOK
NOR,Norway,Telia Norge,own 4G LTE plus 5G NR,11.50,32.00,yes,truly unlimited - tethering allowed - Nordic roaming included,yes,https://www.telia.no,local 115 NOK prepaid and 319 NOK unlimited; FX 0.10 USD/NOK
NOR,Norway,Ice,own 4G LTE plus 5G NR,10.90,28.00,yes,truly unlimited on its own network - EU roaming as non-EU fair-use,yes,https://www.ice.no,local 109 NOK prepaid and 279 NOK unlimited; FX 0.10 USD/NOK
NPL,Nepal,Ncell,4G LTE,4.26,,no,no unlimited offer published - monthly packs are volume-capped,no,https://www.ncell.com.np/en,NPR 600 approx 10GB/30d; FX 141 NPR/USD
NPL,Nepal,Nepal Telecom (NTC),4G LTE,3.90,,no,no unlimited offer published - monthly packs are volume-capped,no,https://www.ntc.net.np/,NPR 550 approx 10GB/30d; state operator; FX 141 NPR/USD
NPL,Nepal,SmartCell (Smart Telecom),4G LTE,3.19,,no,no unlimited offer published - monthly packs are volume-capped,no,knowledge,NPR 450 approx 10GB/30d; FX 141 NPR/USD
NRU,Nauru,Digicel,4G,79.75,,no,no unlimited offered,no,https://www.digicelpacific.com/mobile/nr/bundles,"Magmein All In One Monthly 28GB (14GB any-use + 14GB apps) AUD112/28 days -> US$79.75, smallest 30-day pack; larger 42/84/168GB packs; no monthly unlimited; Nauru uses AUD; FX AUD 1.404334"
NZL,New Zealand,Spark,4G/5G,,39.44,yes,truly unlimited (no published speed cap on Spark Endless),yes,https://mobile-phones.co.nz/plans/unlimited-data/,"Spark Endless NZ$69/mo quoted as truly unlimited by a NZ plan aggregator -> US$39.44 at FX 1.749682 (spark.co.nz is bot-blocked, not directly verified); Spark prepay ~10GB price not retrieved - blank; Spark has 5G"
NZL,New Zealand,One NZ,4G/5G,17.15,48.58,yes,Unlimited Max has no data cap; cheaper Endless plans drop to 1.2Mbps after max-speed data,yes,https://one.nz/prepay/,Prepay closest to 10GB/30d = Prepay Plus Rollover Large NZ$30 for 3GB (largest capped pack published) -> US$17.15; cheapest unlimited = Unlimited Max NZ$85 -> US$48.58; 1.2Mbps Endless cap confirmed in One NZ prepay T&Cs
NZL,New Zealand,2degrees,4G/5G,14.29,48.58,throttled,Max speed for 100GB per month then 1Mbps,yes,https://www.2degrees.nz/prepay,"Prepay 30-day 3GB carryover = NZ$25 -> US$14.29 (moneyhub Sep-2026, larger packs exist but GB not published); unlimited plan = NZ$85 -> US$48.58; 100GB then 1Mbps published in Data Clock / Fair Use footnotes"
OMN,Oman,Ooredoo Oman,5g,21.85,49.16,yes,none published (Hala 18 unlimited data + calls; separate 3 OMR daily unlimited pack carries FUP),yes,https://gsmplans.com/plan/oman/ooredoo-oman-prepaid-plans/,Hala 8 = 12GB + social OMR 8 + 5% VAT = OMR 8.40/30d; unlimited = Hala 18 OMR 18.90 incl VAT; FX 0.3845 OMR/USD
OMN,Oman,Omantel,5g,27.31,54.62,yes,none published (Hayyak 20 unlimited everything),yes,https://gsmplans.com/plan/oman/omantel-prepaid-plans-oman/,Hayyak 10 = 15GB + unlimited social OMR 10 + 5% VAT = OMR 10.50/30d (Hayyak 5 5GB ties on distance); unlimited = Hayyak 20 OMR 21 incl VAT; FX 0.3845
OMN,Oman,Friendi (MVNO),4g,19.12,,no,none (no unlimited plan sold; 3GB-45GB caps only),no,https://gsmplans.com/plan/oman/friendi-oman-prepaid-plans/,Combo 10GB = 10GB + 100 intl min OMR 7 + 5% VAT = OMR 7.35/4wk; MVNO on Omantel network; FX 0.3845; cheapest data in Oman
PAK,Pakistan,Jazz (Pakistan Mobile Communications),4G LTE,1.79,,no,no true unlimited published - largest monthly bundles are volume-capped (50-100GB class),no,https://www.jazz.com.pk/,PKR 500 approx 10GB/30d; FX 280 PKR/USD
PAK,Pakistan,Zong (CMPak),4G LTE,1.61,3.57,throttled,monthly 'unlimited' bundles reduce speed to a low floor (1-2Mbps class) after the fair-use volume,no,https://www.zong.com.pk/,PKR 450 approx 10GB/30d - unlimited approx PKR 1000; FX 280 PKR/USD
PAK,Pakistan,Ufone (PTCL Group),4G LTE,1.43,,no,no true unlimited published - monthly bundles are volume-capped,no,https://www.ufone.com/,PKR 400 approx 10GB/30d; FX 280 PKR/USD
PAN,Panama,Tigo,MNO 4G+5G,20,75,throttled,Prepaid 'unlimited' throttled after 30-50GB; pospago $75 tier marketed as unlimited 5G with no published cap,yes,https://www.tigo.com.pa/,Cable Onda merger; 30GB/$30 documented; nearest-10GB prepaid ~$20 approx; 5G live in Panama City + Coronado
PAN,Panama,+Movil,MNO own 4G,15,,no,No unlimited tier sold; largest prepaid bucket is 30GB for $25 (8GB/$15 and 15GB/$20 also offered),no,https://plusmovil.com.pa/,"Identity reported inconsistently: LLA press = CWP (+Movil, Claro PA acquirer), field guide = Tigo low-cost brand - VERIFY; no 5G"
PAN,Panama,Mas Movil,MNO 4G+5G,25,40,yes,Pospago unlimited 5G ($40) marketed without a data cap; 50GB/$25 tier otherwise; fair-use threshold not published - VERIFY,yes,https://www.masmovil.com.pa/,5G challenger in Panama City + Costa del Este; prices verified May 2026
PAN,Panama,Movistar,MNO own 4G,15,,no,No unlimited tier confirmed; declining #4 operator (ex-Telefónica) - VERIFY,no,knowledge,Included for market completeness; ~$15 for ~10GB approx - VERIFY
PER,Peru,Movistar,4G LTE,10.40,,no,sin oferta ilimitada publicada: mayor plan captado Maximo125GB; planes por bolsa (knowledge),no,knowledge,prepaid ~10GB S/35 = knowledge (movistar.com.pe/prepago devolvio404); sin5G comercial confirmado en la lista de Wikipedia
PER,Peru,Claro,4G LTE + 5G,11.58,,no,sin oferta ilimitada publicada en claro.com.pe: planes por bolsa (HFC/FTTH) — knowledge,yes,knowledge,prepaid ~10GB S/39 = knowledge; Claro Peru figura con50MHz mar-2021 en la lista5G de Wikipedia
PER,Peru,Bitel,4G LTE + 5G,2.97,11.85,throttled,Plan Ilimitado S/39.90: datos 5G ilimitados con45GB en alta velocidad (110GB por portabilidad) y luego velocidad reducida; acumula hasta1.000GB — texto publicado en bitel.com.pe,yes,https://bitel.com.pe/planes/control/ilimitado,Super Recarga BiPay S/10 =700MB +10GB por7 dias (prepaid mas cercano a10GB) verificado en bitel.com.pe; variantes: Ilimitado49.90 con120GB y79.90 con250GB x6m despues120GB; Bitel tiene FTTH200/400/1000 y red propia 5G
PHL,Philippines,Globe,4G LTE/5G NR,1.91,,no,app-only unlimited (UnliGo) that throttles after threshold; no general unlimited,yes,https://www.globe.com.ph/prepaid/gounli,GoPLUS109 = 10GB all-access + 8GB app + 4GB 5G /7d ₱109; Globe 30-day open-data maxes at 3GB (GoUNLI350); UnliGo149 = 5GB + unli apps /7d
PHL,Philippines,PLDT (Smart),4G LTE/5G NR,5.25,11.39,throttled,speeds managed - official text 'data speeds may vary to ensure continuous service' (no published GB threshold),yes,https://store.smart.com.ph/smart-bro/unli-999/,All Data 299 = 24GB/30d ₱299 (6GB/7d = ₱99); unlimited = Unli Data 30d ₱649 (UNLI5G non-stop 749/30d; Smart Bro UNLI999/1299)
PHL,Philippines,DITO,4G LTE/5G NR,2.26,17.53,throttled,10GB/day up to 500Mbps then 5Mbps at 80% reliability (refreshes 12:00am),yes,https://dito.ph/prepaid/unli5g/mechanics,Level-Up 129 = 10GB/30d ₱129 (Level-Up 99 = 7GB/30d); unlimited = Unli 5G 999 30d with 50GB 4G fallback
PLW,Palau,PNCC (PalauCel),4G,21.20,,no,no unlimited offered (prepaid mobile data is 16c per MB),no,https://www.pnccpalau.com/products-and-services/palaucel,"Sole operator; closest published 10GB bundle is the Visitor data SIM 10GB/15 days USD21.20 (local prepaid is pay-as-you-go 16c/MB = USD1600 for 10GB); fixed-home unlimited cards are internet, not mobile; USD legal tender"
PNG,Papua New Guinea,Digicel,4G,16.85,,no,no unlimited offered,no,https://www.digicelpacific.com/mobile/pg/bundles,1TOK Prime 25GB/30 days = PGK75 -> US$16.85 (smallest 30-day pack; 7-day packs 3-15GB); largest 30-day pack 125GB PGK200; no monthly unlimited; FX PGK 4.451074
PNG,Papua New Guinea,Telikom PNG (bmobile-Vodafone),2G/3G/4G,,,no,no unlimited offered,no,https://www.telikompng.com.pg/,Operator confirmed by NICTA National ICT Indicators 2025 (Telikom-bmobile amalgamation); prepaid bundle prices not retrieved - blank; no unlimited product
PNG,Papua New Guinea,Vodafone PNG (Digitec Communications),4G,,,no,no unlimited offered,no,https://www.budde.com.au/Research/Papua-New-Guinea-Telecoms-Mobile-and-Broadband-Statistics-and-Analyses,"Third MNO (Vodafone PNG banner, launched April 2022) per Budde; prepaid prices not retrieved - blank; no unlimited product"
POL,Poland,Orange Polska,own 4G LTE plus 5G NR,8.10,18.90,yes,truly unlimited in Poland - EU roaming fair-use 25 GB per 30 days then surcharge,yes,https://www.orange.pl,local 29.99 PLN prepaid 10GB/30d and 69.99 PLN unlimited; FX 0.27 USD/PLN
POL,Poland,Play,own 4G LTE plus 5G NR,7.50,16.90,yes,truly unlimited with tethering allowed - EU roaming fair-use 25 GB per 30 days,yes,https://www.play.pl,local 27.99 PLN prepaid and 62.99 PLN unlimited; FX 0.27 USD/PLN
POL,Poland,T-Mobile Polska,own 4G LTE plus 5G NR,7.80,17.50,throttled,unlimited but throttled to 3 Mbps after 200 GB of high-speed use per fair-use,yes,https://www.t-mobile.pl,local 29.00 PLN prepaid and 65.00 PLN unlimited; FX 0.27 USD/PLN - threshold indicative - verify ToS
PRK,North Korea,Koryolink,3G W-CDMA,,,no,no public tariff disclosure,no,knowledge,State JV (Orascom); no public disclosure of data/unlimited/5G; prices blank rather than invented
PRT,Portugal,MEO,own 5G,11.50,28.74,yes,none domestically - unlimited has no traffic limit; Acceptable Use Policy caps roaming outside Portugal,yes,https://www.meo.pt,Local MEO Go Light 10GB EUR 10/mo; M Movel Unlimited EUR 24.99 standard (EUR 12.99 for 24 months); FX EUR=1.15
PRT,Portugal,NOS,own 5G,11.39,27.60,yes,fair-use and Acceptable Use Policy - no published domestic threshold,yes,https://www.nos.pt,Local via UZO sub-brand 15GB EUR 9.90 (closest to 10GB); unlimited ~EUR 24.00; FX EUR=1.15; knowledge pricing
PRT,Portugal,Vodafone Portugal,own 5G,9.78,34.49,yes,fair-use and Acceptable Use Policy,yes,https://www.vodafone.pt,Local via Yorn sub-brand K10 10GB EUR 8.50; unlimited ~EUR 29.99; FX EUR=1.15; knowledge pricing
PRY,Paraguay,Tigo,4G LTE,15.99,34.51,yes,"Paquetigos con gigas ILIMITADOS prepago (CONEXION ILIMITADA de1 a8 dias · Gs10.000-40.000) y combos con ""Gigas ilimitados en el movil"" desde Gs205.000 con wifi300M; en roaming: tras agotar el limite la navegacion continua a velocidad reducida hasta el siguiente ciclo de acreditacion",no,https://www.tigo.com.py/prepago,Plan Movil30GB Gs95.000 verificado (el pack prepago ~10GB no esta captado); combo Wifi+Mobil ilimitado Gs205.000 incluye300M fijo; Paraguay sin5G en la lista de Wikipedia
PRY,Paraguay,Claro,4G LTE,10.94,,no,sin oferta ilimitada publicada en claro.com.py: mayor plan captado Plan100GIGAS = Gs100.000/mes (100GB),no,knowledge,"Plan100GIGAS Gs100.000/mes y ""recarga Gs5.000 =6GB por mes"" verificados; prepaid ~10GB Gs65.000 = knowledge (la pagina de packs no publica precios); Paraguay sin5G"
PRY,Paraguay,Personal,4G LTE,14.31,1.68,yes,"""Packs Ilimitados"" prepago desde Gs10.000 con ""Noches Ilimitadas"" incluidas; umbral de FUP no publicado en personal.com.py",no,https://www.personal.com.py/planes/prepago.html,"""Navega ilimitadamente con los Packs Ilimitados desde Gs10.000"" verificado; pospago24GB Gs85.000 verificado; la duracion del pack ilimitado no esta publicada por eso el precio mensual es solo orientativo; Paraguay sin5G"
PSE,Palestine,Jawwal,4g,,,no,not verified this pass,no,knowledge,Paltel/Jawwal mobile in West Bank & Gaza; pricing not verified this pass
PSE,Palestine,Ooredoo Palestine,4g,,,no,not verified this pass,no,knowledge,Second mobile licensee (West Bank/Gaza); pricing not verified this pass
QAT,Qatar,Ooredoo,5g,17.86,,throttled,FUP on unlimited offers (3 QAR daily unlimited pack capped; Shahry+ threshold not published),yes,https://gsmplans.com/plan/qatar/ooredoo-qatar-prepaid-plans/,"Hala Super 65 recharge = 14GB + 360 min + 30 days, QAR 65; Qatar VAT 0%; FX 3.64 QAR/USD; unlimited postpaid Shahry+ top tier exists (QAR 150-600 range) - exact price blank over fabrication"
QAT,Qatar,Vodafone Qatar,5g,27.47,54.95,yes,none published (no threshold disclosed on Flex 200),yes,https://gsmplans.com/plan/qatar/vodafone-qatar-prepaid-plans/,Flex 100 = 15GB + social + 60 intl min QAR 100/30d (Flex 50 5GB ties on distance); unlimited = Flex 200 QAR 200 unlimited data+calls; VAT 0%; FX 3.64
ROU,Romania,Digi Mobile,own 4G LTE - no own 5G spectrum at review,5.60,7.40,yes,truly unlimited with no data cap - tethering permitted,no,https://www.digi.ro,local 27 RON prepaid 10GB and 35 RON unlimited; FX 0.21 USD/RON
ROU,Romania,Orange România,own 4G LTE plus 5G NR,6.30,12.60,yes,truly unlimited - EU roaming fair-use 25 GB per 30 days,yes,https://www.orange.ro,local 30 RON prepaid and 60 RON unlimited; FX 0.21 USD/RON
ROU,Romania,Vodafone România,own 4G LTE plus 5G NR,6.00,11.60,yes,truly unlimited - EU roaming fair-use 25 GB then reduced speed,yes,https://www.vodafone.ro,local 29 RON prepaid and 55 RON unlimited; FX 0.21 USD/RON
RUS,Russia,MTS,own 4G LTE plus 5G NR (700/3500 MHz),5.50,7.70,yes,truly unlimited domestic 4G/5G with no hard cap - congested-cell deprioritisation only,yes,https://www.mts.ru,local 500 RUB prepaid 10GB/30d and 700 RUB unlimited; FX 0.011 USD/RUB
RUS,Russia,MegaFon,own 4G LTE plus 5G NR with Yota speed profiles,5.00,8.80,throttled,unlimited data but speed-tiered profiles 3-25 Mbps so full speed is never included,yes,https://www.megafon.ru,local 450 RUB prepaid 10GB and 800 RUB unlimited; FX 0.011 USD/RUB
RUS,Russia,Beeline,own 4G LTE plus 5G NR,4.40,7.20,yes,truly unlimited - hotspot allowed on handset but modem/router use capped at one device in ToS,yes,https://www.beeline.ru,local 400 RUB prepaid 10GB and 650 RUB unlimited; FX 0.011 USD/RUB
RWA,Rwanda,MTN Rwanda,4G,6.9,,no,none,no,https://timbu.com/rwanda/networks/mtn-rwanda/dataplan,"Monthly10GB Fr10,000/30d exact (FX1,450 ~= $6.9); also7GB Fr20,000 and13GB Fr30,000; no unlimited; no commercial5G known"
RWA,Rwanda,Airtel Rwanda,4G,,,no,none,no,https://www.airtel.co.rw/,Second MNO; pricing not captured
SAU,Saudi Arabia,STC,5g,23.00,104.27,yes,truly unlimited (STC states quicknet prepaid has no FUP),yes,https://www.stc.com.sa/content/stc/sa/en/personal/mobile/quicknet/quicknet-prepaid.html,10GB: no exact 10GB tier - nearest monthly tier Sawa Like Plus 20GB SAR 86.25/28d; unlimited = quicknet max 30d SAR 391; all incl 15% VAT; FX 3.75 SAR/USD; sawa hero unlimited SAR 414
SAU,Saudi Arabia,Mobily,5g,23.00,101.00,yes,truly unlimited (operator/guide state no FUP throttling on unlimited),yes,https://saudiscoop.com/tech/mobily-internet-packages-prepaid-postpaid-ksa/,Prepaid combo 20GB + 25GB social SAR 86.25/28d; unlimited data-only data-SIM SAR 378.75/30d (unlimited+calls SAR 395); incl 15% VAT; FX 3.75; STC-Mobily price parity at 20GB
SAU,Saudi Arabia,Zain,5g,21.16,99.67,yes,none published (no FUP threshold disclosed),yes,https://shop.sa.zain.com/en/product/prepaid-data,Flex F69 prepaid 10GB + calls SAR 79.35/30d; unlimited data-only SAR 373.75/mo (unlimited data+calls SAR 420); incl 15% VAT; FX 3.75 SAR/USD
SAU,Saudi Arabia,Salam,5g,19.88,47.87,yes,none published (no FUP threshold disclosed),yes,https://wikitechlibrary.com/salam-mobile-internet-packages-ksa/,eSIM prepaid 9GB + unlimited social SAR 74.55/30d (nearest to 10GB; 20GB plan SAR 85.68); cheapest monthly unlimited = eSIM SAR 179.50/30d; incl 15% VAT; FX 3.75
SDN,Sudan,Sudani (Sudatel),4g,,,no,not verified this pass,no,knowledge,Sudatel's consumer brand; pricing not verified; FX extremely volatile - USD blank
SDN,Sudan,Zain Sudan,4g,,,no,not verified this pass,no,knowledge,Pricing not verified; FX extremely volatile - USD blank
SDN,Sudan,MTN Sudan,4g,,,no,not verified this pass,no,knowledge,Pricing not verified; FX extremely volatile - USD blank
SEN,Senegal,Orange Sénégal,4G/5G,5.25,,no,none,yes,https://www.orange.sn/pass-internet,"Official Orange Senegal 'Pass Internet Mois':6 GB=2,000 FCFA /12 GB=3,000 FCFA ($5.25, nearest to10 GB, Orange Money only) /25 GB=5,000 /60 GB=10,000 /100 GB=15,000 FCFA; the12 GB and25 GB passes carry explicit5G allocations ('dont3 Go sur la5G' / '12,5 Go sur la5G'), confirming commercial5G -5G=yes; no full unlimited pass (night5 GB=500 FCFA23h-06h is the closest); FX XOF571.81 = 1 USD (22-Sep-2026)"
SEN,Senegal,Yas Sénégal,4G,8.74,,no,none,,https://prixdakar.com/les-tarifs-des-forfaits-internet-yas-senegal-une-connectivite-pour-tous-les-budgets/,"Monthly passes: XOF 2,000 = 5 GB,5,000 = 12.5 GB ($8.74, nearest to 10 GB),10,000 = 40 GB,15,000 = 65 GB; no unlimited bundle published; FX XOF 571.81 = 1 USD"
SEN,Senegal,Expresso Sénégal,4G,8.74,,no,none,,https://prixdakar.com/les-forfaits-internet-dexpresso-senegal-des-offres-variees-et-accessibles/,"Monthly NET passes: XOF 3,000 = 5 GB,5,000 = 10 GB ($8.74, exact match),10,000 = 20 GB,15,000 = 50 GB; weekly XOF 2,000 = 10 GB; no unlimited bundle published; FX XOF 571.81 = 1 USD"
SGP,Singapore,Singtel,4G LTE/5G NR,15.00,27.34,throttled,1.2TB FUP (S$35 plan) / 1.5TB (S$40 plan) then reduced,yes,https://www.singtel.com/personal/products-services/mobile/prepaid-plans/data-plans,Singtel hi! prepaid ≈ S$15 monthly tier for tens of GB approx (tourist 100GB S$30-50); unlimited prepaid S$35/40 with 1.2-1.5TB FUP
SGP,Singapore,StarHub,4G LTE/5G NR,9.38,29.69,yes,truly unlimited on 5G Unlimited+ Core SIM-only - no published data cap (prepaid 5G Plus carries FUP),yes,https://www.starhub.com/personal/mobile/starhub-prepaid.html,StarHub 4G prepaid = S$12/30d with 300GB local (no 10GB tier exists); unlimited = 5G Unlimited+ Core S$38/mo
SGP,Singapore,M1,4G LTE/5G NR,10.16,53.67,throttled,fair-use policy applies to M1 unlimited (no published GB threshold),yes,https://www.m1.com.sg/terms-and-conditions/m-card,M1 M-Card prepaid S$13/30d = 250GB local (no 10GB tier); unlimited 5G SIM-only ≈ S$59-69 (WhistleOut min cost S$68.70) approx
SLB,Solomon Islands,Our Telekom,4G,18.95,,no,no unlimited offered,no,https://ourtelekom.com.sb/personal/prepaid-broadband,"Travel guides (traveltomtom Feb-2026, topproviders) quote airport packs from 1GB SBD30 to 20GB SBD150 - 20GB pack = US$18.95 (validity not stated on operator site, treat as approximate); no unlimited product; FX SBD 7.914252"
SLB,Solomon Islands,bmobile-Vodafone Solomon,3G/4G,,,no,no unlimited offered,no,https://bmobile.com.sb,"Second MNO (bmobile-Vodafone, 4 provinces, ~119k connections per GSMA Q3); 10GB/25GB plans advertised on operator channels but prices not retrieved - blank; timbu quotes 3GB SBD220/30d"
SLE,Sierra Leone,Orange Sierra Leone,4G,,,,,,https://www.orange.sl/en/b2c-internet-personal/data-bundles-monthly.html,"Official page lists a monthly 10 GB pack but prints the price as '150 SLL' (currency label appears stale/pre-redenomination and conflicts with Africell's market prices), so no USD value was taken - blank rather than guess; FX SLE 24.91 = 1 USD"
SLE,Sierra Leone,Africell Sierra Leone,4G,40.15,140.51,throttled,throttled after 30GB,,https://salonekart.com/blog/africell-data-plans-sierra-leone-2026,"Monthly packs (2026): 5 GB = NLe600 / 10 GB = NLe1,000 ($40.15) / 20 GB = NLe1,700; Monthly Unlimited = NLe3,500 ($140.51) with FUP 'unlimited throttled after 30 GB' (dial *555#); note africell.sl's own site shows much older lower prices; FX SLE 24.91 = 1 USD"
SLE,Sierra Leone,Qcell Sierra Leone,4G,,,,,,https://www.qcell.sl/,Third mobile operator in Sierra Leone; no bundle price list published on a reachable server-rendered page - blank
SLV,El Salvador,Claro,MNO own 4G,10,30,throttled,Politica de uso justo: reduced speed after included data; threshold not published - VERIFY,no,https://www.claro.com.sv/,~US$10 prepaid; ~US$30 unlimited - approx; only Claro and Tigo confirmed MNOs - 3rd row missing
SLV,El Salvador,Tigo,MNO own 4G,10,30,throttled,Fair use: reduced speed after included data; threshold not published - VERIFY,no,https://www.tigo.com.sv/,~US$10 prepaid; ~US$30 unlimited - approx
SMR,San Marino,TIM San Marino,own network,11.44,,no,largest published tier is +Mobile 200GB - no unlimited tariff found,yes,https://www.telecomitalia.sm,Local +MOBILE 200GB EUR 9.95/mo is the closest published tier to 10GB; sole MNO of San Marino; FX EUR=1.15
SMR,San Marino,TIM Italia,own 5G nearest market,14.94,28.74,yes,unlimited traffic subject to lawful and correct use - no numeric cap published,yes,https://www.tim.it,Nearest-market reference; local prepaid ~EUR 12.99/15GB and TIM illimitata ~EUR 24.99; FX EUR=1.15
SMR,San Marino,WindTre,own 5G nearest market,12.64,11.49,yes,200GB at full speed then unlimited throttled to 10 Mbit/s,yes,https://www.windtre.it,Nearest-market reference; local GO 200GB EUR 10.99/28d and Go Unlimited EUR 9.99/mo; FX EUR=1.15
SOM,Somalia,Hormuud,4g,,,no,not verified this pass,no,knowledge,Largest mobile operator; pricing not verified; FX 571 SOS/USD (est)
SOM,Somalia,Somtel,4g,,,no,not verified this pass,no,knowledge,Pricing not verified this pass
SOM,Somalia,Telesom,4g,,,no,not verified this pass,no,knowledge,Pricing not verified this pass
SRB,Serbia,Telekom Srbija (mts),own 5G,6.88,24.57,yes,fair-use - domestic unlimited with a capped EU allotment,yes,https://mts.rs,Local prepaid ~RSD 700/30d for 10GB; unlimited ~RSD 2500; FX RSD=0.00983; knowledge pricing
SRB,Serbia,A1 Srbija,own 5G,5.90,19.66,yes,fair-use clause,yes,https://a1.rs,Local prepaid ~RSD 600/30d; unlimited ~RSD 2000; FX RSD=0.00983; knowledge pricing
SRB,Serbia,Yettel Serbia,own 5G,6.39,21.62,yes,fair-use clause,yes,https://www.yettel.rs,Local prepaid ~RSD 650/30d; unlimited ~RSD 2200; FX RSD=0.00983; knowledge pricing
SSD,South Sudan,Zain South Sudan,3G/4G,,,no,none,no,https://www.zain.com/en/south-sudan/,"MNO; pricing not captured; note MTN does NOT operate in South Sudan (MTN's operator is in Sudan/SDN, excluded)"
STP,Sao Tome and Principe,CST,4G,,,,,,https://www.telecomtrainer.com/list-of-mobile-operators-in-sao-tome-and-principe/,State operator with2G/3G/4G mobile voice/data and fixed services; no public10 GB price or unlimited offer found - blank; FX STN21.36=1USD
STP,Sao Tome and Principe,Unitel STP,4G,,,,,,http://unitel.st/tarifarios.php,"Unitel STP tariff page exposed only international call rates in this pass - no data bundle prices, unlimited offer unknown; FX STN21.36=1USD (22-Sep-2026)"
SUR,Suriname,Telesur,4G LTE + 5G,14.81,,no,"sin oferta ilimitada publicada: mayor bolsa ""30dias(5G)"" SRD3.799 con300GB (y hasta1.200GB acumulables) y bolsa30dias SRD953 con75GB; el Happy Hour ilimitado de1 hora (SRD40) no es una oferta mensual",yes,https://www.telesur.sr/prepaid/,menor bolsa de30dias = data-only SRD565 con45GB = US$14.81 verificado (tambien pack de10GB por3dias a SRD127 = US$3.33); Telesur5G n77 nov-2020 en la lista5G de Wikipedia; FX SRD38.14/USD
SUR,Suriname,Digicel,4G LTE,15.73,,no,sin oferta ilimitada publicada (knowledge),no,knowledge,prepaid ~10GB SRD600 = knowledge; digicel.sr con certificado TLS invalido; Digicel opera en Suriname desde dic-2007 segun Wikipedia; Suriname sin5G salvo Telesur; FX SRD38.14/USD
SVK,Slovakia,Orange Slovensko,own 4G LTE plus 5G NR,7.60,21.50,yes,truly unlimited - EU roaming fair-use 25 GB per 30 days,yes,https://en.wikipedia.org/wiki/Telecommunications_in_Slovakia,local 6.50 EUR prepaid 10GB and 18.39 EUR unlimited; FX 1.17 USD/EUR
SVK,Slovakia,Slovak Telekom,own 4G LTE plus 5G NR,8.20,23.00,yes,truly unlimited with tethering allowed - EU roaming fair-use 25 GB,yes,https://en.wikipedia.org/wiki/Telecommunications_in_Slovakia,local 7.00 EUR prepaid and 19.69 EUR unlimited; FX 1.17 USD/EUR
SVK,Slovakia,O2 Slovakia,own 4G LTE - no own 5G at review,7.10,18.80,yes,truly unlimited data but delivered on 4G only until O2 5G launch,no,https://en.wikipedia.org/wiki/Telecommunications_in_Slovakia,local 6.00 EUR prepaid and 16.09 EUR unlimited; FX 1.17 USD/EUR
SVN,Slovenia,Telekom Slovenije,own 5G,11.50,28.74,yes,fair-use - domestic unlimited with a capped EU allotment,yes,https://www.telekom.si,Local prepaid ~EUR 10/30d; Naj/NEO unlimited ~EUR 24.99; FX EUR=1.15; knowledge pricing
SVN,Slovenia,A1 Slovenija,own 5G,10.35,32.20,yes,fair-use clause,yes,https://www.a1.si,Local prepaid ~EUR 9/30d; unlimited ~EUR 28.00; FX EUR=1.15; knowledge pricing
SVN,Slovenia,Telemach Slovenia,own 5G,10.35,22.99,throttled,after the data included in the VEC package speed is cut to max 64 kbit/s,yes,https://telemach.si,Local prepaid ~EUR 9/30d; VEC-style bundle ~EUR 19.99; FX EUR=1.15; FUP text from Telemach special conditions
SWE,Sweden,Telia,own 4G LTE plus 5G NR,12.50,30.00,yes,truly unlimited in the Nordics - EU roaming fair-use 25 GB per 30 days,yes,https://www.telia.se,local 125 SEK prepaid 10GB and 300 SEK unlimited; FX 0.10 USD/SEK
SWE,Sweden,Tele2,own 4G LTE plus 5G NR,11.00,26.90,yes,truly unlimited with tethering allowed - EU roaming fair-use 25 GB,yes,https://www.tele2.se,local 110 SEK prepaid and 269 SEK unlimited; FX 0.10 USD/SEK
SWE,Sweden,Telenor,own 4G LTE plus 5G NR,10.50,24.90,yes,truly unlimited - Nordics roaming included - EU fair-use 25 GB,yes,https://www.telenor.se,local 105 SEK prepaid and 249 SEK unlimited; FX 0.10 USD/SEK
SWZ,Eswatini,MTN Eswatini,4G,,,no,none,no,https://www.mtn.co.sz/,Leading MNO;10GB/unlimited pricing not captured;5G unverified
SWZ,Eswatini,Eswatini Mobile,4G/5G,,,no,none,yes,https://eswatinimobile.co.sz/,Second MNO (ex-Swazi Mobile); commercial5G live in Matsapha and Manzini;10GB pricing not captured
SYC,Seychelles,Airtel Seychelles,4G,,,no,none,no,https://www.airtel.sc/,MNO + home broadband; mobile prepaid10GB pricing not captured
SYC,Seychelles,Cable & Wireless Seychelles,4G,,,no,none,no,https://cwseychelles.com/,Incumbent MNO/fixed; mobile pricing not captured
SYR,Syria,Syriatel,4g,,,no,not verified this pass,no,knowledge,Pricing not verified; hyperinflationary local currency - USD blank
SYR,Syria,MTN Syria,4g,,,no,not verified this pass,no,knowledge,Pricing not verified this pass
TCD,Chad,Tigo Chad (Millicom),4G,43.72,,no,none,,https://vosreponses.com/quels-sont-les-meilleurs-forfaits-internet-en-tchad/,"'Mega+' monthly:10 GB (+10 GB night bonus) =25,000 FCFA ($43.72),30 days - an exact10 GB match; no full unlimited bundle published; FX XOF571.81=1USD"
TCD,Chad,Moov Africa Chad,4G,31.48,,no,none,,https://vosreponses.com/quels-sont-les-meilleurs-forfaits-internet-en-tchad/,"'Mega Internet' monthly:15 GB =18,000 FCFA ($31.48), nearest published tier to10 GB; no unlimited bundle published; FX XOF571.81=1USD"
TCD,Chad,Salam Mobile,4G,34.98,34.98,throttled,5GB then 128Kbps,,https://vosreponses.com/quels-sont-les-meilleurs-forfaits-internet-en-tchad/,"'Forfaits Illimite' =5 GB then unlimited at128 Kbps for30 days at20,000 FCFA ($34.98) - a textbook FUP-threshold unlimited (both the10 GB-equivalent and the unlimited offer are the same pack); FX XOF571.81=1USD"
TCD,Chad,Airtel Chad,4G,5.25,,no,none,,https://vosreponses.com/quels-sont-les-meilleurs-forfaits-internet-en-tchad/,"Only the 'Illimite Social' pack was quoted (20 GB, social apps only,7 days,3,000 FCFA=$5.25) - it is app-scoped rather than a full unlimited data plan; no standard10 GB monthly tier published in the source; FX XOF571.81=1USD"
TGO,Togo,Yas Togo (ex-Togocom),4G,17.49,,no,none,,https://vosreponses.com/comparer-les-operateurs-telephoniques-en-togo/,"Comparison site (July-2024 tariffs, likely stale): 5 Go = 5,000 FCFA and 15 Go = 10,000 FCFA, so 15 Go at $17.49 is the nearest tier to 10 GB; current Yas Togo web shop is JS-rendered and could not be re-verified; no unlimited bundle published; FX XOF 571.81 = 1 USD"
TGO,Togo,Moov Africa Togo,4G,,,no,none,,https://moov-africa.tg/particulier/forfait-izilarge/,"Only the iZi'Large monthly headline tier was server-rendered (75 Go / 30 days = 15,000 FCFA); the lower monthly ladder that would contain a ~10 GB pack is JS-rendered, so ten_gb left blank rather than inferred; FX XOF 571.81 = 1 USD"
TGO,Togo,Libercom,4G,,,,,,https://vosreponses.com/comparer-les-operateurs-telephoniques-en-togo/,Listed as a third network with limited LTE in a local comparison; not verified as an MNO and no bundle prices published - blank
THA,Thailand,AIS,4G LTE/5G NR,6.03,36.33,yes,truly unlimited - official 'Unlimited Data Max Speed' on 30/60-day packs,yes,https://www.ais.th/en/consumers/package/international/tourist-plan,Local monthly 10GB ≈ ฿199 approx (not price-verified); unlimited = Lucky Tourist SIM 30d ฿1199 / 60d ฿1599; 3rd-party FUP reports unverified
THA,Thailand,TrueMove H,4G LTE/5G NR,8.76,12.09,yes,truly unlimited at max speed (ULM ฿399/30d); speed-capped variants e.g. 15Mbps with 50GB then 1Mbps,yes,https://package.true.th/en/package/EbmQL/online-best-value,Net 10GB + 15Mbps = ฿289 incl VAT per 30d (exact 10GB); ULM 20Mbps = ฿475/30d excl VAT; True-dtac merged 2023
THA,Thailand,dtac,4G LTE/5G NR,6.06,10.61,throttled,unlimited capped from the start - NET NO LIMIT = 2Mbps (base 1Mbps; 8Mbps/day add-on ฿32); 50GB at 6Mbps then 384kbps,yes,https://www.dtac.co.th/en/prepaid,฿200/30d = 50GB at 6Mbps then 384kbps (closest published monthly pack); NET NO LIMIT ฿350/30d = unlimited at 2Mbps; dtac brand folding into True
TJK,Tajikistan,Tcell,4G LTE / 5G,5.32,10.64,throttled,unlimited bundles reduce speed after the published fair-use quota,yes,https://www.budde.com.au/Research/Tajikistan-Telecoms-Mobile-and-Broadband-Statistics-and-Analyses,TJS 50 approx 10GB - unlimited approx TJS 100; Tcell is one of three MNOs reported to have launched commercial 5G in Dushanbe; FX 9.40 TJS/USD
TJK,Tajikistan,Babilon-Mobile,4G LTE,4.79,8.51,throttled,unlimited bundles reduce speed after the published fair-use quota,no,https://babilon-m.tj/tarif.php?id=3,TJS 45 approx 10GB - unlimited approx TJS 80; no 5G launch reported; FX 9.40 TJS/USD
TJK,Tajikistan,ZET Mobile,4G LTE / 5G,4.26,9.57,throttled,unlimited bundles reduce speed after the published fair-use quota,yes,https://mcc-mnc-lookup.com/country/tj,TJS 40 approx 10GB - unlimited approx TJS 90; reported as one of three MNOs with commercial 5G; FX 9.40 TJS/USD
TKM,Turkmenistan,TMCELL (Altyn Asyr),4G LTE,20.00,,no,no unlimited offer published - packages are volume-capped (20GB pack activated by USSD),no,https://www.communicationstoday.co.in/tm-cell-turkmentelekom-expand-internet-access-across-turkmenistan,Only MNO (MTS Turkmenistan exited in 2017); TMT 70 approx 10GB/30d; FX 3.50 TMT/USD (official)
TLS,Timor-Leste,Timor Telecom,4G LTE,4.00,,no,no unlimited offer - largest prepaid is POWER PLUS 160GB/30d $20,no,https://www.timortelecom.tl/en,BA monthly = 20GB/30d $4 (START 32GB $6; PLUS 60GB $10; POWER 96GB $14; POWER PLUS 160GB $20); 4G LTE only
TLS,Timor-Leste,Telemor,4G LTE,,,no,no unlimited offer published,no,knowledge,Viettel Timor; no public tariff card in English; local prepaid ~$5 buys only 1-2GB (expensive regionally); prices blank rather than invented
TLS,Timor-Leste,Telkomcel,4G LTE,,,no,no unlimited offer published,no,knowledge,Telkom Indonesia (Telin) subsidiary; Dili fibre is corporate-only; prices blank rather than invented
TON,Tonga,Digicel Tonga,4G/5G,12.60,83.98,yes,No fair-use speed cap published - 30-day Unlimited Any Use Data product,yes,https://www.digicelpacific.com/mobile/to/bundles,All In One Monthly 12GB/30 days = TOP$30 -> US$12.60 (closest to 10GB/30d); monthly Unlimited Data Plan TOP$200 -> US$83.98; site exposes a 5G Technology section; FX TOP 2.381489
TTO,Trinidad and Tobago,TSTT,MNO own 4G,15,45,throttled,Fair use: reduced speed after included data; threshold not published - VERIFY,no,https://www.bcs.com.tt/,bmobile brand; ~TTD 100 ~US$15 @6.8 approx; only 2 mobile MNOs confirmed - 3rd row missing
TTO,Trinidad and Tobago,Digicel,MNO own 4G,10,35,throttled,Fair use: reduced speed after included data; threshold not published - VERIFY,no,https://www.digicelgroup.com/tt/en/,approx - VERIFY; Flow T&T is fixed-only (no mobile)
TUN,Tunisia,Tunisie Telecom,4g,,,no,not verified this pass,no,knowledge,Incumbent mobile; pricing not verified this pass; no commercial 5G; FX 3.05 TND/USD (est)
TUN,Tunisia,Orange Tunisia,4g,,,no,not verified this pass,no,knowledge,Pricing not verified this pass; FX 3.05 TND/USD (est)
TUN,Tunisia,Ooredoo Tunisia,4g,,,no,not verified this pass,no,knowledge,Pricing not verified this pass; FX 3.05 TND/USD (est)
TUR,Turkey,Turkcell,4G LTE,7.25,18.63,throttled,'sinirsiz' (unlimited) mobile packs carry no volume cap but are speed-shaped per plan (typically 25-100 Mbps ceiling) - heavy-use shaping applies,no,https://www.turkcell.com.tr/,TRY 350 approx 10GB/30d - unlimited approx TRY 900; commercial 5G launch not verified (Sep-2026); FX 48.3 TRY/USD
TUR,Turkey,Vodafone Turkey,4G LTE,6.63,15.53,throttled,'sinirsiz' packs are speed-shaped per plan rather than volume-capped - 4.5G ceiling applies to heavy users,no,https://www.vodafone.com/,TRY 320 approx 10GB/30d - unlimited approx TRY 750; commercial 5G launch not verified; FX 48.3 TRY/USD
TUR,Turkey,Turk Telekom,4G LTE,6.21,14.49,throttled,'sinirsiz' packs are speed-shaped per plan - no published monthly volume cap but fair-use shaping on heavy traffic,no,https://en.wikipedia.org/wiki/T%C3%BCrk_Telekom,TRY 300 approx 10GB/30d - unlimited approx TRY 700; commercial 5G launch not verified; FX 48.3 TRY/USD
TUV,Tuvalu,Tuvalu Telecom (TTC),3G/4G,35.60,,no,no unlimited offered,no,https://tuvalutelecom.tv/mobile-broadband-plans,Sole operator; Ocean 50 = 20GB/30 days AUD50 -> US$35.60 (closest to 10GB/30d; also 45GB/100GB packs); mobile on Funafuti/Vaitupu/Nukulaelae/Nanumea/Niutao; no unlimited product; Nauru/Tuvalu use AUD - FX 1.404334
TZA,Tanzania,Vodacom Tanzania,4G/5G,13,,no,none,yes,https://timbu.com/tanzania/networks/vodacom/dataplan,"Monthly10GB TZS35,000 exact (FX2,700 ~= $13);20GB TZS50,000; no unlimited handset bundle in menu;5G home internet live in Dar (pamojacompare)"
TZA,Tanzania,Airtel Tanzania,4G/5G,,,no,none,yes,https://pamojacompare.com/home-internet-in-2026/,MNO +5G Smart Box home wifi; mobile10GB pricing not captured; commercial5G in Dar es Salaam and Dodoma
TZA,Tanzania,Halotel,4G,,,no,none,no,https://halotel.co.tz/,Viettel-run fourth MNO; pricing not captured; no5G
UGA,Uganda,MTN Uganda,4G/5G,13.5,48.4,throttled,700GB FUP (listing shows700000MB),yes,https://kompare.ug/data/mobile-internet-rates/,"Shared Internet10GB/30d UGX50,000 exact (FX3,700 ~= $13.5; consumer Monthly:7.5GB UGX20k,22GB UGX50k); MTN Unlimited Basic UGX179,000/mo ~= $48.4 (Premium UGX330,000);5G live"
UGA,Uganda,Airtel Uganda,4G,8.1,,no,none,no,https://kompare.ug/data/mobile-internet-rates/,"Monthly12GB UGX30,000 closest to10GB (FX3,700 ~= $8.1; Double-Data promo25GB for same price);100GB UGX100,000 promo Sep-2026; no commercial5G known"
UGA,Uganda,Uganda Telecom (UTL),4G,12.2,,no,none,no,https://kompare.ug/data/mobile-internet-rates/,"Mobile Data Bundle10GB UGX45,000/30d exact (FX3,700 ~= $12.2); small bundles only otherwise"
UKR,Ukraine,Kyivstar,own 2G/3G/4G LTE - 5G auction frozen by wartime decree,3.60,6.00,yes,truly unlimited domestic data with no speed cap - no 5G so 4G ceiling applies,no,https://www.kyivstar.ua,local 150 UAH prepaid 10GB/30d and 250 UAH unlimited; FX 0.024 USD/UAH
UKR,Ukraine,Vodafone Ukraine,own 2G/3G/4G LTE,3.85,7.25,yes,truly unlimited with tethering allowed - roaming outside Ukraine limited by fair-use,no,https://www.vodafone.ua,local 160 UAH prepaid 10GB and 300 UAH unlimited; FX 0.024 USD/UAH
UKR,Ukraine,lifecell,own 2G/3G/4G LTE,3.10,6.75,yes,truly unlimited on 4G - video and social packs handled as separate bundles in ToS,no,https://www.lifecell.ua,local 130 UAH prepaid 10GB and 280 UAH unlimited; FX 0.024 USD/UAH
URY,Uruguay,Antel,4G LTE + 5G,15.79,35.69,throttled,"planes ""sin limite"" de Antel con tope de alta velocidad publicado:130GB (UYU1.435/mes) o210GB (UYU2.290/mes); politica post-tope no especificada en tienda.antel",yes,https://tienda.antel.com.uy/categoria/movil/con-limite,40GB con limite UYU635 (20% OFF x12m UYU508) = US$15.79 verificado (menor plan publicado); Antel en la lista5G de Wikipedia con100MHz jun-2023 y n257 850MHz abr-2024
URY,Uruguay,Tigo (ex-Movistar),4G LTE,12.44,,no,sin oferta ilimitada publicada: packs prepago hasta150GB (10 dias · UYU340) y paquete30dias =60GB por UYU500,no,https://www.tigo.com.uy/paquetes,movistar.com.uy redirige a tigo.com.uy y Wikipedia ya lista a Tigo dic-2025 sin Movistar (Telefónica vendio Uruguay) por eso la fila usa Tigo; paquetigo30dias60GB UYU500 verificado (existe tambien pack de10GB en1dia a UYU60); Uruguay sin5G salvo Antel
URY,Uruguay,Claro,4G LTE,10.57,,no,sin oferta ilimitada publicada: mayor plan200GB = UYU1.500/mes (tienda.claro.com.uy),no,https://tienda.claro.com.uy/planes,planes mensuales30/50/70/100/150/200GB de UYU425 a UYU1.500 verificados; el menor (30GB UYU425 = US$10.57) da el proxy de10GB; Uruguay sin5G salvo Antel
USA,United States,T-Mobile,MNO own 5G SA,35,50,throttled,Entry-tier hotspot runs at 3G 600Kbps; top tier hotspot capped 250GB then 600Kbps; 100GB then may be slowed during congestion,yes,https://www.t-mobile.com/cell-phone-plans,ten_gb via Metro by T-Mobile 10GB tier ~$35 approx; cheapest unlimited = entry Go5G $50/line (Essentials retired Apr 2026)
USA,United States,AT&T,MNO own 5G,20,50,throttled,Value 2.0: 5GB high-speed then reduced speeds; hotspot 3GB then drops to 128Kbps (same 128Kbps cap applies to all 2.0 tiers after their allotment),yes,https://www.att.com/plans/unlimited-data-plans/,ten_gb = AT&T Prepaid 12-month Unlimited+10GB hotspot: 16GB high-speed at $20/mo ($240 billed yearly); cheapest unlimited = Value 2.0 $50/line
USA,United States,Verizon,MNO own 5G,35,55,throttled,Unlimited Welcome includes NO hotspot and is deprioritized during congestion; Unlimited Ultimate hotspot: unlimited but capped 200GB then slowed to 6Mbps,yes,https://www.verizon.com/prepaid/,ten_gb = Verizon Prepaid 15GB $35 (closest tier to 10GB); cheapest unlimited = Unlimited Welcome ~$55 with autopay
USA,United States,Mint Mobile,MVNO on T-Mobile,20,30,throttled,15GB high-speed then throttled to reduced (3G-class) speeds; Unlimited tier = 40GB then may be slowed during congestion,yes,https://www.mintmobile.com/,Mint 15GB = $20/mo on 12-month term; unlimited $30/mo - approx tier pricing VERIFY
UZB,Uzbekistan,Ucell (COSCOM),4G LTE / 5G,3.10,,no,no full-price unlimited - 'unlimited weekend' (Sat-Sun) and 'unlimited night' (01:00-07:00) ride inside capped Bor tariffs,yes,https://ucell.uz/en/tariffs,Approx UZS 40000 approx 10GB/30d; 5G live including Karshi launch (Dec-2024); FX 12900 UZS/USD
UZB,Uzbekistan,Beeline Uzbekistan,4G LTE / 5G,3.10,,no,no full-price unlimited - night/weekend unlimited add-ons and zero-rated social bundles only,yes,https://beeline.uz/en,Approx UZS 40000 approx 10GB/30d; operator publishes a dedicated 5G section; FX 12900 UZS/USD
UZB,Uzbekistan,Mobiuz,4G LTE,2.95,10.85,throttled,'UNLIM MIX' unlimited covers social networks and messengers only - 'tungi UNLIM' is unlimited only 01:00-07:00 - rest comes from the bundle,no,https://www.mobi.uz/,Approx UZS 38000 approx 10GB/30d - unlimited-style tariff approx UZS 140000; no 5G launch verified; FX 12900 UZS/USD
VAT,Vatican City,TIM Italia,own 5G nearest market,14.94,28.74,yes,unlimited traffic subject to lawful and correct use - no numeric cap published,yes,https://www.tim.it,Micro-state row: Vatican City State has no MNO - nearest-market Italian operator; local ~EUR 12.99 prepaid; FX EUR=1.15
VAT,Vatican City,Vodafone Italia,own 5G nearest market,16.10,34.49,yes,good-faith use clause - no published numeric threshold,yes,https://www.vodafone.it,Micro-state nearest-market row; local prepaid ~EUR 14/15GB and unlimited ~EUR 29.99; FX EUR=1.15
VAT,Vatican City,WindTre,own 5G nearest market,12.64,11.49,yes,200GB at full speed then unlimited throttled to 10 Mbit/s,yes,https://www.windtre.it,Micro-state nearest-market row; local GO 200GB EUR 10.99 and Go Unlimited EUR 9.99; FX EUR=1.15
VCT,Saint Vincent and the Grenadines,Flow,MNO own 4G,12,39,throttled,Fair use: reduced speed after included data; threshold not published - VERIFY,no,https://www.flowvinci.com/,approx - VERIFY; only 2 MNOs - 3rd row missing
VCT,Saint Vincent and the Grenadines,Digicel,MNO own 4G,10,36,throttled,Fair use: reduced speed after included data; threshold not published - VERIFY,no,https://www.digicelgroup.com/,approx - VERIFY
VEN,Venezuela,Digitel,4G LTE,12.48,,no,sin oferta ilimitada publicada: mayor plan Inteligente Plus30GB = USD25 (ago-2026),no,https://2001online.com/servicios/movistar-y-digitel-ajustan-tarifas-de-sus-planes-montos-actualizados-al-3-de-agosto-202683800,Plan Inteligente Plus12GB = USD12.48 ago-2026 (el mas cercano a10GB; el de6GB cuesta USD6.86); precios en Bs convertidos con la tasa BCV citada por la fuente; mercado en USD de facto; sin5G comercial en Venezuela
VEN,Venezuela,Movilnet,4G LTE,9.00,,no,sin oferta ilimitada publicada y tarifas moviles no publicadas (Movilnet conservo precios en may-2026 segun primicia.com.ve),no,https://primicia.com.ve/economia/ajustan-tarifas-de-planes-de-digitel-y-movistar/,prepaid ~10GB USD9.00 = knowledge; Movilnet es la filial movil de CANTV; sin5G
VEN,Venezuela,Movistar,4G LTE,10.73,,no,sin oferta ilimitada publicada: mayor plan Plus25GB = USD18.11 (sep-2026),no,https://elestimulo.com/elinteres/tu-bolsillo/2026-09-01/planes-movistar-precios/,Movistar Plus10GB = USD10.73 sep-2026 con la tasa BCV798.33 citada por la fuente; mercado en USD de facto; sin5G
VNM,Vietnam,Viettel,4G LTE/5G NR,3.44,,no,no general unlimited - data cut after quota; app-specific unlimited packs only,yes,https://www.viettel.com.vn/,30-day pack ≈ ₫90000 (2GB/day class); 7N 35GB = ₫70000 documented; app-unlimited groups ₫3000/day
VNM,Vietnam,VinaPhone (VNPT),4G LTE/5G NR,3.44,,no,none - data cut off after quota (BIG90 hết dung lượng ngắt kết nối),yes,https://vnptmedia.vn/english/news/202505/vnpt-launches-internet-package-with-minimum-speed-of-300-mbps-28f5669,SH90 = exactly 10GB/30d ₫90000; BIG90 = 1GB/day (~30GB) ₫90000; app-unlimited YT30 ₫30000
VNM,Vietnam,MobiFone,4G LTE/5G NR,3.82,,no,none - quota cut-off; app-unlimited packs only,yes,https://mobifone.vn/,MIMAX-class monthly pack ≈ ₫100000 for ~10GB approx; large-cap packs up to 60GB/day marketed instead of unlimited
VUT,Vanuatu,Digicel,4G,10.14,,no,no unlimited offered,no,https://www.digicelpacific.com/mobile/vu/bundles,"4G Data Bundle 9GB/30 days = VT1,200 -> US$10.14 - closest to 10GB/30d (also VT1,000/6GB and VT2,000/14GB); no monthly unlimited; FX VUV 118.402327"
VUT,Vanuatu,Vodafone Vanuatu (TVL),4G,,,no,no unlimited offered,no,https://vodafone.com.vu/,Telecom Vanuatu Ltd trading as Vodafone Vanuatu (tvl.vu) is the other licensed operator with GSM/4G+; prepaid price page not retrievable - blank; no unlimited product found on published pages
WSM,Samoa,Digicel,4G/5G,22.11,,no,no unlimited offered,yes,https://www.digicelpacific.com/mobile/ws/bundles,"Cheapest 28-day pack = Supa Seki 60GB WST60 -> US$22.11 (a 15GB pack exists but is 7-day, WST16); Unlimited Data page sells 1-hour/2-hour add-ons only - no monthly unlimited; Big On 5G packs confirm 5G; FX WST 2.714332"
WSM,Samoa,Vodafone Samoa,4G,18.42,,no,no unlimited offered,no,https://vodafone.com.ws/prepaid/,"Cheapest 28-day pack = MALO 50, 50GB, WST50 -> US$18.42 (7-14 day MALO packs 4-30GB); Unlimited bundles are hourly only - no monthly unlimited; no 5G product published; FX WST 2.714332"
YEM,Yemen,Yemen Mobile,4g,,,no,not verified this pass,no,knowledge,Pricing not verified; FX split official/black-market - USD blank
YEM,Yemen,Spacetel,4g,,,no,not verified this pass,no,knowledge,Pricing not verified this pass
YEM,Yemen,SabaFon,4g,,,no,not verified this pass,no,knowledge,Pricing not verified this pass
ZAF,South Africa,Vodacom,4G/5G,8.3,,no,none,yes,https://priceguide.co.za/data-bundle-prices-in-south-africa-mtn-vs-vodacom-vs-cell-c-vs-telkom/,Guide (Jul-2026) cites standard10GB bundle at R149 (FX18 ~= $8.3; app/Just4You pricing often lower); no standard monthly unlimited handset bundle found;5G live
ZAF,South Africa,MTN South Africa,4G/5G,,133,throttled,throttle to2-4Mbps after FUP threshold (varies by plan),yes,https://www.datadeals.co.za/unlimited/,"Cheapest listed MTN unlimited = SKY PLATINUM R2,399/mo uncapped (FX18 ~= $133); MTN Unlimited5G carries400GB FUP (mybroadband); Sky Supreme:25GB then384kbps;10GB price not captured"
ZAF,South Africa,Cell C,4G,,,throttled,FUP applies - threshold not published,no,https://www.cellc.co.za/cellc/get-fwa,Official: uncapped Home LTE/FWA 'subject to a Fair Usage Policy'; no FUP number published;10GB/uncapped prices not captured; no own5G spectrum
ZMB,Zambia,Zamtel,4G,3.8,,throttled,unlimited cap not disclosed - throttled after hidden threshold,no,https://zamcompare.com/best-data-bundles-zambia-2026/,Mobile Data10GB K100/30d (FX26 ~= $3.8); Unlimited Chillz K15/day K45/7d but NO monthly unlimited listed (offer blank);5G unverified
ZMB,Zambia,Airtel Zambia,4G,7.6,,no,none,no,https://zamcompare.com/best-data-bundles-zambia-2026/,Tonse22GB K200/30d closest to10GB (FX26 ~= $7.6);60GB K400; no unlimited product found
ZMB,Zambia,MTN Zambia,4G,1.9,,no,none,no,https://zamcompare.com/best-data-bundles-zambia-2026/,1Zed All-Net7.1GB K50/30d closest to10GB (FX26 ~= $1.9); UniK40GB K350 carries unlimited STREAMING only - no full unlimited;5G unverified
ZWE,Zimbabwe,Econet Wireless,4G/5G,13,45,throttled,200GB FUP then throttled (SmartBiz $45; was1TB before Jul-2025),yes,https://www.econet.co.zw/usd-data-bundles/,USD-priced: Private WiFi10GB $13/30d exact (closest to10GB); SmartBiz unlimited $45-$417 by speed; Smart4U invite-only unlimited FUP undisclosed (user reports20-50GB then ~1Mbps);5G in menu
ZWE,Zimbabwe,NetOne,4G,,,no,none,no,https://www.netone.co.zw/,Second MNO (state-owned); pricing not captured; no5G known
ZWE,Zimbabwe,Telecel Zimbabwe,4G,,,no,none,no,https://en.wikipedia.org/wiki/Telecel_Zimbabwe,Third MNO; pricing not captured; no5G known
